-- phpMyAdmin SQL Dump
-- version 4.7.7
-- https://www.phpmyadmin.net/
--
-- Host: localhost
-- Generation Time: Jul 14, 2018 at 01:12 PM
-- Server version: 10.1.30-MariaDB
-- PHP Version: 7.2.1

SET SQL_MODE = "NO_AUTO_VALUE_ON_ZERO";
SET AUTOCOMMIT = 0;
START TRANSACTION;
SET time_zone = "+00:00";


/*!40101 SET @OLD_CHARACTER_SET_CLIENT=@@CHARACTER_SET_CLIENT */;
/*!40101 SET @OLD_CHARACTER_SET_RESULTS=@@CHARACTER_SET_RESULTS */;
/*!40101 SET @OLD_COLLATION_CONNECTION=@@COLLATION_CONNECTION */;
/*!40101 SET NAMES utf8mb4 */;

--
-- Database: `psych`
--

-- --------------------------------------------------------

--
-- Table structure for table `crosscheck`
--

CREATE TABLE `crosscheck` (
  `recordnum` int(5) NOT NULL,
  `username` varchar(30) NOT NULL,
  `recordDate` varchar(30) NOT NULL,
  `patientName` varchar(50) NOT NULL,
  `patientAge` int(2) NOT NULL,
  `patientHeight` double(5,2) NOT NULL,
  `patientWeight` double(5,2) NOT NULL,
  `timestamp` varchar(20) NOT NULL
) ENGINE=InnoDB DEFAULT CHARSET=utf8;

--
-- Dumping data for table `crosscheck`
--

INSERT INTO `crosscheck` (`recordnum`, `username`, `recordDate`, `patientName`, `patientAge`, `patientHeight`, `patientWeight`, `timestamp`) VALUES
(0, 'robert', '7/2/17', 'Shirley Stotts', 81, 57.00, 360.00, '2018-07-09 09:03:14'),
(0, 'wood', 'wer', 'sdf', 34, 999.99, 1.00, '2018-07-09 22:05:11'),
(1, 'robert', '6/5/16', 'Evonne Raymondo', 62, 56.00, 300.00, '2018-07-09 09:04:30'),
(2, 'robert', '7/9/2018', 'Bob Miller', 25, 8.50, 22.00, '2018-07-09 09:23:18'),
(3, 'robert', '7/9/2018', 'CeCe Schmit', 22, 3.60, 65.00, '2018-07-09 09:23:36'),
(4, 'robert', '7/9/18', 'Veronica Lodge', 19, 1.80, 104.00, '2018-07-09 09:24:20'),
(5, 'robert', '7/9/2018', 'Valerie Delgado', 25, 68.00, 7.60, '2018-07-10 08:38:07'),
(6, 'robert', '7/9/2018', 'Joseph Chance', 80, 71.00, 8.00, '2018-07-10 08:38:51'),
(7, 'robert', '7/9/2018', 'Diana Ruiz', 36, 80.00, 7.50, '2018-07-10 08:39:29'),
(8, 'robert', '7/9/2018', 'Jessica Martinez', 22, 90.00, 9.10, '2018-07-10 08:40:08'),
(9, 'robert', '7/9/2018', 'Kiana Rocha', 17, 96.00, 8.90, '2018-07-10 08:42:27'),
(10, 'robert', '7/9/2018', 'Greg David', 89, 45.00, 8.80, '2018-07-10 08:42:57'),
(11, 'robert', '7/9/2018', 'George Contreras', 54, 40.00, 7.00, '2018-07-10 08:43:38'),
(12, 'robert', '7/9/2018', 'Johnny Xiong', 26, 82.00, 8.00, '2018-07-10 08:44:11'),
(13, 'robert', '7/9/2018', 'Miguel Martinez', 13, 52.00, 9.50, '2018-07-10 09:04:50'),
(14, 'robert', '7/9/2018', 'Tiffany Klose', 41, 67.00, 8.60, '2018-07-10 09:27:07'),
(15, 'robert', '7/9/2018', 'Tom Wood', 65, 51.00, 4.50, '2018-07-10 09:27:40'),
(16, 'robert', '7/9/2018', 'Deylon Lindo', 47, 46.00, 8.90, '2018-07-10 09:28:20'),
(17, 'robert', '7/9/2018', 'Alexis Ronaldo', 29, 100.00, 2.60, '2018-07-10 09:28:50'),
(18, 'robert', '7/9/2018', 'Ron Woozle', 19, 89.00, 7.00, '2018-07-10 09:53:50'),
(19, 'robert', '7/9/2018', 'John Macias', 56, 55.00, 8.50, '2018-07-11 08:23:20'),
(20, 'robert', '7/9/2018', 'Christopher Rocha', 74, 19.00, 7.40, '2018-07-11 08:23:55'),
(21, 'robert', '7/9/2018', 'Jessica Day', 89, 77.00, 3.20, '2018-07-11 08:24:21'),
(22, 'robert', '7/9/2018', 'Nick Vallejos', 20, 36.00, 8.90, '2018-07-11 08:24:51'),
(23, 'robert', '7/9/2018', 'Winston Bishop', 16, 59.00, 7.80, '2018-07-11 08:25:20'),
(24, 'robert', '7/9/2018', 'Monica Geller', 48, 89.00, 7.00, '2018-07-11 08:25:48'),
(25, 'robert', '7/9/2018', 'Rachel Greene', 51, 13.00, 9.60, '2018-07-11 08:26:15'),
(26, 'robert', '7/9/2018', 'Chandler Bing', 56, 105.00, 7.80, '2018-07-11 08:26:42'),
(27, 'robert', '7/9/2018', 'Betty Cooper', 11, 49.00, 5.60, '2018-07-11 08:27:05'),
(28, 'robert', '7/9/2018', 'Jughead Jones', 65, 89.00, 1.20, '2018-07-11 08:27:32'),
(29, 'robert', '7/9/2018', 'Archie Adams', 42, 73.00, 9.50, '2018-07-11 08:28:04'),
(30, 'robert', '7/9/2018', 'Veronica Lodge', 19, 104.00, 1.80, '2018-07-11 08:33:30'),
(31, 'robert', '7/9/2018', 'Cece Schmit', 22, 65.00, 3.60, '2018-07-11 08:33:52'),
(32, 'robert', '7/9/2018', 'Bob Miller', 25, 22.00, 8.50, '2018-07-11 08:34:16'),
(33, 'robert', '7/9/2018', 'Shirley Stotts', 81, 66.00, 7.50, '2018-07-11 08:34:41'),
(34, 'robert', '7/9/2018', 'Valerie Delgado', 25, 68.00, 7.60, '2018-07-11 08:35:18'),
(35, 'robert', '7/9/2018', 'Miguel Martinez', 13, 52.00, 9.50, '2018-07-11 08:35:39'),
(36, 'robert', '7/9/2018', 'Tiffany Klose', 41, 67.00, 8.60, '2018-07-11 08:35:58'),
(37, 'robert', '7/9/2018', 'Tom Wood', 65, 51.00, 4.50, '2018-07-11 08:36:16'),
(38, 'robert', '7/9/2018', 'Deylon Lindo', 47, 46.00, 8.90, '2018-07-11 08:36:30'),
(39, 'robert', '7/9/2018', 'Alexis Ronaldo', 29, 100.00, 2.60, '2018-07-11 08:36:48'),
(40, 'robert', '7/9/2018', 'Ron Woozle', 19, 89.00, 7.00, '2018-07-11 08:37:04'),
(41, 'robert', '7/9/2018', 'John Macias', 56, 55.00, 8.50, '2018-07-11 08:37:26'),
(42, 'robert', '7/9/2018', 'Jessica Day', 89, 77.00, 3.20, '2018-07-11 08:37:46'),
(43, 'robert', '7/9/2018', 'Nick Vallejos', 20, 36.00, 8.90, '2018-07-11 08:38:05'),
(44, 'robert', '7/9/2018', 'Winston Bishop', 16, 59.00, 7.80, '2018-07-11 08:38:23'),
(45, 'robert', '7/9/2018', 'Monica Geller', 48, 89.00, 7.00, '2018-07-11 08:38:40'),
(46, 'robert', '7/9/2018', 'Rachel Greene', 51, 13.00, 9.60, '2018-07-11 08:38:59'),
(47, 'robert', '7/9/2018', 'Chandler Bing', 56, 105.00, 7.80, '2018-07-11 08:39:17'),
(48, 'robert', '7/9/2018', 'Betty Cooper', 11, 49.00, 5.60, '2018-07-11 08:39:34'),
(49, 'robert', '7/9/2018', 'Jughead Jones', 65, 89.00, 1.20, '2018-07-11 08:51:21'),
(50, 'robert', '7/11/18', 'Robbyn Wood', 45, 547.00, 1.50, '2018-07-11 08:55:13'),
(51, 'robert', '7/9/2018', 'Veronica Lodge', 19, 104.00, 1.80, '2018-07-11 09:01:26'),
(52, 'robert', '7/9/2018', 'CeCe Schmit', 22, 65.00, 3.60, '2018-07-11 09:04:52'),
(53, 'robert', '7/9/2018', 'Bob Miller', 25, 22.00, 8.50, '2018-07-11 09:14:06'),
(54, 'robert', '7/9/2018', 'Shirley Stotts', 81, 66.00, 7.50, '2018-07-11 09:18:09'),
(55, 'robert', '', 'Valerie Degado', 25, 68.00, 7.60, '2018-07-11 09:24:40'),
(56, 'robert', '7/9/2018', 'Miguel Martinez', 13, 52.00, 9.50, '2018-07-11 09:24:58'),
(57, 'robert', '7/9/2018', 'Tiffany Klose', 41, 67.00, 8.60, '2018-07-11 09:25:19'),
(58, 'robert', '7/9/2018', 'Tom Wood', 65, 51.00, 4.50, '2018-07-11 09:26:50'),
(59, 'robert', '7/9/2018', 'Deylon Lindo', 47, 46.00, 8.90, '2018-07-11 09:27:06'),
(60, 'robert', '7/9/2018', 'Alexis Ronaldo', 29, 100.00, 2.60, '2018-07-11 09:27:26'),
(61, 'robert', '7/9/2018', 'Ron Woozle', 19, 89.00, 7.00, '2018-07-11 09:27:44'),
(62, 'robert', '7/9/2018', 'John Macias', 56, 55.00, 8.50, '2018-07-11 09:28:03'),
(63, 'robert', '7/9/2018', 'Jessica Day', 89, 77.00, 3.20, '2018-07-11 09:28:21'),
(64, 'robert', '7/9/2018', 'Nick Vallejos', 20, 36.00, 8.90, '2018-07-11 09:28:39'),
(65, 'robert', '7/9/2018', 'Winston Bishop', 16, 59.00, 7.80, '2018-07-11 09:28:59'),
(66, 'robert', '7/9/2018', 'Monica Geller', 48, 89.00, 7.00, '2018-07-11 09:36:20'),
(67, 'robert', '7/9/2018', 'Rachel Greene', 51, 13.00, 9.60, '2018-07-11 09:36:33'),
(68, 'robert', '7/9/2018', 'Chandler Bing', 56, 105.00, 7.80, '2018-07-11 09:36:49'),
(69, 'robert', '7/9/2018', 'Betty Cooper', 11, 49.00, 5.60, '2018-07-11 09:37:10'),
(70, 'robert', '7/9/2018', 'Jughead Jones', 65, 89.00, 1.20, '2018-07-11 09:37:27'),
(71, 'robert', '7/9/2018', 'Veronica Lodge', 19, 104.00, 1.80, '2018-07-11 09:37:46'),
(72, 'robert', '7/9/2018', 'Cece Schmit', 22, 65.00, 3.60, '2018-07-11 09:38:09'),
(73, 'robert', '7/9/2018', 'Bob Miller', 25, 22.00, 8.50, '2018-07-11 09:38:27'),
(74, 'robert', '7/9/2018', 'Shirley Stotts', 81, 66.00, 7.50, '2018-07-11 09:38:45'),
(75, 'robert', '7/9/2018', 'Valerie Delgago', 25, 68.00, 7.60, '2018-07-11 09:39:02'),
(76, 'robert', '7/9/2018', 'Miguel Martinez', 13, 52.00, 9.50, '2018-07-11 09:40:21'),
(77, 'robert', '7/9/2018', 'Tiffany Klose', 41, 67.00, 8.60, '2018-07-11 09:40:53'),
(78, 'robert', '7/9/2018', 'Tom Wood', 65, 51.00, 4.50, '2018-07-11 09:41:12'),
(79, 'robert', '7/9/2018', 'Deylon Lindo', 47, 46.00, 8.90, '2018-07-11 09:41:31'),
(80, 'robert', '7/9/2018', 'Alexis Ronaldo', 29, 100.00, 2.60, '2018-07-11 09:41:53'),
(81, 'robert', '7/9/2018', 'Ron Woozle', 19, 89.00, 7.00, '2018-07-11 09:43:13'),
(82, 'robert', '7/9/2018', 'John Macias', 56, 55.00, 8.50, '2018-07-11 09:43:29'),
(83, 'robert', '7/9/2018', 'Jessica Day', 89, 77.00, 3.20, '2018-07-11 09:43:46'),
(84, 'robert', '7/9/2018', 'Nick Vallejos', 20, 36.00, 8.90, '2018-07-11 09:44:08'),
(85, 'robert', '7/9/2018', 'Winston Bishop', 16, 59.00, 7.80, '2018-07-11 09:44:28'),
(86, 'robert', '7/9/2018', 'Monica Geller', 48, 89.00, 7.00, '2018-07-11 09:44:45'),
(87, 'robert', '7/9/2018', 'Chandler Bing', 56, 105.00, 7.80, '2018-07-11 09:45:07'),
(88, 'robert', '7/9/2018', 'Betty Cooper', 11, 49.00, 5.60, '2018-07-11 09:52:58'),
(89, 'robert', '7/9/2018', 'Jughead Jones', 65, 89.00, 1.20, '2018-07-11 09:53:19'),
(90, 'robert', '7/9/2018', 'Veronica Lodge', 19, 104.00, 1.80, '2018-07-11 10:02:23'),
(91, 'robert', '7/9/2018', 'Cece Schmit', 22, 65.00, 3.60, '2018-07-11 10:02:38'),
(92, 'robert', '7/9/2018', 'Bob Miller', 25, 22.00, 8.50, '2018-07-11 10:05:51');

-- --------------------------------------------------------

--
-- Table structure for table `currenttask`
--

CREATE TABLE `currenttask` (
  `username` varchar(30) NOT NULL,
  `tasknum` int(2) NOT NULL,
  `refresh` int(1) NOT NULL
) ENGINE=InnoDB DEFAULT CHARSET=utf8;

--
-- Dumping data for table `currenttask`
--

INSERT INTO `currenttask` (`username`, `tasknum`, `refresh`) VALUES
('robert', 4, 0),
('testuser1', 6, 0),
('testuser2', 6, 0),
('wood', 2, 0);

-- --------------------------------------------------------

--
-- Table structure for table `financialinfo`
--

CREATE TABLE `financialinfo` (
  `recordnum` int(5) NOT NULL,
  `username` varchar(30) NOT NULL,
  `recorddate` varchar(30) NOT NULL,
  `checknumber` int(15) NOT NULL,
  `amount` double(30,2) NOT NULL,
  `timestamp` varchar(20) NOT NULL
) ENGINE=InnoDB DEFAULT CHARSET=utf8;

--
-- Dumping data for table `financialinfo`
--

INSERT INTO `financialinfo` (`recordnum`, `username`, `recorddate`, `checknumber`, `amount`, `timestamp`) VALUES
(0, 'robert', '1/17/2016', 3200, 452.00, '2018-07-09 09:02:14'),
(0, 'testuser1', '12/12/14', 2147483647, 1000.00, '2018-04-25 15:55:30'),
(0, 'wood', '4/3/43', 234, 123.00, '2018-07-09 22:04:13'),
(1, 'robert', '2/22/2018', 6432, 654.00, '2018-07-09 09:02:53'),
(1, 'wood', 'ere', 0, 0.00, '2018-07-09 22:04:51'),
(2, 'robert', '5/8/2017', 6514, 353.00, '2018-07-09 09:09:53'),
(2, 'wood', '34', 23, 34.00, '2018-07-09 22:06:25'),
(3, 'robert', '6/2/2016', 8954, 56.00, '2018-07-09 09:10:37'),
(3, 'wood', '345', 45, 243.00, '2018-07-09 22:28:01'),
(4, 'robert', '3/24/2015', 3675, 482.00, '2018-07-09 09:11:03'),
(4, 'wood', 'qer', 34, 34.00, '2018-07-09 22:28:07'),
(5, 'robert', '6/15/2006', 2894, 79.00, '2018-07-09 09:11:30'),
(5, 'wood', 'er', 0, 34.00, '2018-07-10 09:14:25'),
(6, 'robert', '4/5/1989', 9843, 192.00, '2018-07-09 09:33:21'),
(6, 'wood', '52612', 231, 12.00, '2018-07-11 08:45:26'),
(7, 'robert', '11/25/2015', 6135, 879.54, '2018-07-09 09:33:46'),
(7, 'wood', '151', 51, 12.00, '2018-07-11 08:45:49'),
(8, 'robert', '12/19/2017', 5136, 487.00, '2018-07-09 09:34:19'),
(8, 'wood', '5326', 521, 2510.00, '2018-07-11 08:45:56'),
(9, 'robert', '9/21/2028', 2485, 459.02, '2018-07-09 09:34:45'),
(10, 'robert', '9/26/1963', 2123, 68.00, '2018-07-09 09:35:11'),
(11, 'robert', '5/8/2017', 6514, 353.00, '2018-07-10 08:31:06'),
(12, 'robert', '6/2/2016', 8954, 56.00, '2018-07-10 08:31:27'),
(13, 'robert', '3/24/2015', 3675, 482.00, '2018-07-10 08:31:57'),
(14, 'robert', '6/15/2006', 2894, 79.00, '2018-07-10 08:32:20'),
(15, 'robert', '5/9/2017', 3154, 159.00, '2018-07-10 08:32:48'),
(16, 'robert', '12/12/2012', 7825, 158.00, '2018-07-10 08:33:10'),
(17, 'robert', '9/30/2009', 3164, 236.00, '2018-07-10 08:33:37'),
(18, 'robert', '8/17/2018', 9835, 45.00, '2018-07-10 08:34:04'),
(19, 'robert', '3/25/2014', 5263, 22.00, '2018-07-10 08:34:29'),
(20, 'robert', '8/5/2008', 4861, 89.00, '2018-07-10 08:35:09'),
(21, 'robert', '9/18/2014', 2318, 45.63, '2018-07-10 08:35:33'),
(22, 'robert', '7/6/2018', 6412, 182.31, '2018-07-10 08:35:55'),
(23, 'robert', '9/18/2015', 5649, 1598.00, '2018-07-10 08:36:21'),
(24, 'robert', '8/3/2026', 3254, 854.00, '2018-07-10 08:36:48'),
(25, 'robert', '3/25/2018', 4532, 69.32, '2018-07-10 08:50:39'),
(26, 'robert', '1/27/1993', 5451, 15.20, '2018-07-10 08:51:12'),
(27, 'robert', '5/10/1998', 5698, 789.04, '2018-07-10 08:51:38'),
(28, 'robert', '9/26/1963', 2123, 68.00, '2018-07-10 08:52:00'),
(29, 'robert', '9/21/2028', 2485, 459.02, '2018-07-10 08:52:22'),
(30, 'robert', '12/19/2017', 5131, 487.00, '2018-07-10 08:52:50'),
(31, 'robert', '11/25/2015', 6135, 879.54, '2018-07-10 08:53:13'),
(32, 'robert', '4/5/1989', 9843, 192.00, '2018-07-10 08:53:41'),
(33, 'robert', '8/19/2015', 4593, 89.25, '2018-07-10 08:54:08'),
(34, 'robert', '4/6/2025', 1525, 46.32, '2018-07-10 08:54:32'),
(35, 'robert', '7/8/1992', 1683, 12.54, '2018-07-10 08:54:53'),
(36, 'robert', '4/25/2029', 1151, 78.96, '2018-07-10 08:55:22'),
(37, 'robert', '11/18/2019', 2634, 153.00, '2018-07-10 09:19:01'),
(38, 'robert', '10/30/2019', 7893, 63.25, '2018-07-10 09:19:22'),
(39, 'robert', '11/20/2019', 1539, 59.63, '2018-07-10 09:19:45'),
(40, 'robert', '5/8/2017', 6514, 353.00, '2018-07-10 09:20:21'),
(41, 'robert', '6/2/2016', 8954, 56.00, '2018-07-10 09:20:38'),
(42, 'robert', '3/24/2015', 3675, 482.00, '2018-07-10 09:21:11'),
(43, 'robert', '6/15/2006', 2894, 79.00, '2018-07-10 09:21:36'),
(44, 'robert', '5/9/2017', 3154, 159.00, '2018-07-10 09:21:56'),
(45, 'robert', '12/12/2012', 7825, 158.00, '2018-07-10 09:22:17'),
(46, 'robert', '9/30/2009', 3164, 236.00, '2018-07-10 09:22:36'),
(47, 'robert', '8/17/2018', 9835, 45.00, '2018-07-10 09:29:43'),
(48, 'robert', '3/25/2014', 5263, 22.00, '2018-07-10 09:30:06'),
(49, 'robert', '8/5/2008', 4861, 89.00, '2018-07-10 09:30:25'),
(50, 'robert', '9/18/2014', 2318, 45.63, '2018-07-10 09:30:53'),
(51, 'robert', '7/6/2018', 6412, 182.31, '2018-07-10 09:31:16'),
(52, 'robert', '9/18/2015', 5649, 1598.00, '2018-07-10 09:31:41'),
(53, 'robert', '8/3/2026', 3254, 854.00, '2018-07-10 09:32:02'),
(54, 'robert', '3/25/2018', 4532, 69.32, '2018-07-10 09:32:24'),
(55, 'robert', '1/27/1993', 5451, 15.20, '2018-07-10 09:32:46'),
(56, 'robert', '5/10/1998', 5698, 789.04, '2018-07-10 09:33:12'),
(57, 'robert', '9/26/1963', 2123, 68.00, '2018-07-10 09:33:30'),
(58, 'robert', '9/21/2028', 2485, 459.02, '2018-07-10 09:33:50'),
(59, 'robert', '12/19/2017', 5131, 487.00, '2018-07-10 09:34:13'),
(60, 'robert', '11/25/2015', 6135, 879.54, '2018-07-10 09:34:32'),
(61, 'robert', '4/5/1989', 9843, 192.00, '2018-07-10 09:34:52'),
(62, 'robert', '8/19/2015', 4593, 89.25, '2018-07-10 09:35:12'),
(63, 'robert', '4/6/2025', 1525, 46.32, '2018-07-10 09:35:34'),
(64, 'robert', '7/8/1992', 1683, 12.54, '2018-07-10 09:35:54'),
(65, 'robert', '4/25/2029', 1151, 78.96, '2018-07-10 09:36:17'),
(66, 'robert', '11/28/2019', 2634, 153.00, '2018-07-10 09:36:45'),
(67, 'robert', '10/30/2019', 7893, 63.25, '2018-07-10 09:37:19'),
(68, 'robert', '11/20/2019', 1539, 59.63, '2018-07-10 09:37:43'),
(69, 'robert', '5/8/2017', 6514, 353.00, '2018-07-10 09:49:24'),
(70, 'robert', '6/2/2016', 8954, 56.00, '2018-07-10 09:49:43'),
(71, 'robert', '3/24/2015', 3675, 482.00, '2018-07-10 09:50:02'),
(72, 'robert', '6/15/2006', 2894, 79.00, '2018-07-10 09:50:33'),
(73, 'robert', '5/9/2017', 3154, 159.00, '2018-07-10 09:50:57'),
(74, 'robert', '12/12/2012', 7825, 158.00, '2018-07-10 09:51:13'),
(75, 'robert', '9/30/2009', 3164, 236.00, '2018-07-10 09:51:39'),
(76, 'robert', '8/17/2018', 9835, 45.00, '2018-07-10 09:51:59'),
(77, 'robert', '3/25/2014', 5263, 22.00, '2018-07-10 09:52:21'),
(78, 'robert', '8/5/2008', 4861, 89.00, '2018-07-10 09:52:38'),
(79, 'robert', '5/8/2017', 6514, 353.00, '2018-07-11 08:19:18'),
(80, 'robert', '6/2/2016', 8954, 56.00, '2018-07-11 08:19:38'),
(81, 'robert', '3/24/2015', 3675, 482.00, '2018-07-11 08:20:02'),
(82, 'robert', '6/15/2006', 2894, 79.00, '2018-07-11 08:20:27'),
(83, 'robert', '5/9/2017', 3154, 159.00, '2018-07-11 08:20:48'),
(84, 'robert', '12/12/2012', 7825, 158.00, '2018-07-11 08:21:06'),
(85, 'robert', '9/30/2009', 3164, 236.00, '2018-07-11 08:21:25'),
(86, 'robert', '8/17/2018', 9835, 45.00, '2018-07-11 08:21:53'),
(87, 'robert', '3/25/2014', 5262, 22.00, '2018-07-11 08:22:15'),
(88, 'robert', '8/5/2008', 4861, 89.00, '2018-07-11 08:22:33'),
(89, 'robert', '546', 456, 456.00, '2018-07-11 08:56:07'),
(90, 'robert', '456', 456, 546.00, '2018-07-11 08:56:10'),
(91, 'robert', '456', 456, 456.00, '2018-07-11 08:56:18'),
(92, 'robert', '456', 456, 456.00, '2018-07-11 08:56:22'),
(93, 'robert', '456', 456, 456.00, '2018-07-11 08:56:30'),
(94, 'robert', '456', 456, 456.00, '2018-07-11 08:56:34'),
(95, 'robert', '456', 456, 456.00, '2018-07-11 08:56:42'),
(96, 'robert', '456', 456, 456.00, '2018-07-11 08:56:46'),
(97, 'robert', '8/17/2018', 9835, 45.00, '2018-07-11 09:05:16'),
(98, 'robert', '3/25/2014', 5263, 22.00, '2018-07-11 09:05:33'),
(99, 'robert', '8/5/2008', 4861, 89.00, '2018-07-11 09:05:47'),
(100, 'robert', '5/8/2017', 6514, 353.00, '2018-07-11 09:06:01'),
(101, 'robert', '6/2/2016', 8954, 56.00, '2018-07-11 09:06:12'),
(102, 'robert', '3/24/2015', 3675, 482.00, '2018-07-11 09:06:29'),
(103, 'robert', '6/15/2006', 2894, 79.00, '2018-07-11 09:06:42'),
(104, 'robert', '5/9/2017', 3154, 159.00, '2018-07-11 09:06:55'),
(105, 'robert', '12/12/2012', 7825, 158.00, '2018-07-11 09:07:06'),
(106, 'robert', '9/30/2009', 3164, 236.00, '2018-07-11 09:18:42'),
(107, 'robert', '8/17/2009', 9835, 45.00, '2018-07-11 09:18:56'),
(108, 'robert', '3/25/2014', 5262, 22.00, '2018-07-11 09:19:14'),
(109, 'robert', '8/5/2008', 4861, 89.00, '2018-07-11 09:19:25'),
(110, 'robert', '4/6/2025', 1525, 46.32, '2018-07-11 09:19:47'),
(111, 'robert', '7/8/1992', 1683, 12.54, '2018-07-11 09:20:10'),
(112, 'robert', '4/25/2029', 1151, 78.96, '2018-07-11 09:33:42'),
(113, 'robert', '11/28/2019', 2634, 153.00, '2018-07-11 09:34:03'),
(114, 'robert', '10/30/2019', 7893, 63.25, '2018-07-11 09:34:24'),
(115, 'robert', '11/20/2019', 1539, 59.63, '2018-07-11 09:34:46'),
(116, 'robert', '8/17/2018', 9835, 45.00, '2018-07-11 09:35:05'),
(117, 'robert', '3/25/2014', 5263, 22.00, '2018-07-11 09:35:17'),
(118, 'robert', '8/5/2008', 4861, 89.00, '2018-07-11 09:35:31'),
(119, 'robert', '5/8/2017', 6514, 353.00, '2018-07-11 09:35:44'),
(120, 'robert', '6/2/2016', 8954, 56.00, '2018-07-11 09:35:57'),
(121, 'robert', '5/8/2017', 6514, 353.00, '2018-07-11 09:57:14'),
(122, 'robert', '6/2/2016', 8954, 56.00, '2018-07-11 09:57:28'),
(123, 'robert', '3/24/2015', 3675, 482.00, '2018-07-11 09:57:40'),
(124, 'robert', '6/15/2006', 2894, 79.00, '2018-07-11 09:57:55'),
(125, 'robert', '5/9/2017', 3154, 159.00, '2018-07-11 09:58:06'),
(126, 'robert', '12/12/2012', 7825, 158.00, '2018-07-11 09:58:21'),
(127, 'robert', '9/30/2009', 3164, 236.00, '2018-07-11 09:58:34'),
(128, 'robert', '8/17/2009', 9835, 45.00, '2018-07-11 09:58:48'),
(129, 'robert', '3/25/2014', 5262, 22.00, '2018-07-11 09:58:59'),
(130, 'robert', '8/5/2008', 4861, 89.00, '2018-07-11 10:06:38'),
(131, 'robert', '4/6/2025', 1525, 46.32, '2018-07-11 10:06:51'),
(132, 'robert', '7/8/1992', 1683, 12.54, '2018-07-11 10:07:05'),
(133, 'robert', '4/25/2029', 1151, 78.96, '2018-07-11 10:07:21'),
(134, 'robert', '11/28/2019', 2634, 153.00, '2018-07-11 10:07:37'),
(135, 'robert', '10/30/2019', 7893, 63.25, '2018-07-11 10:07:51'),
(136, 'robert', '11/20/2019', 1539, 59.63, '2018-07-11 10:08:09'),
(137, 'robert', '8/17/2018', 9835, 45.00, '2018-07-11 10:08:25'),
(138, 'robert', '3/25/2014', 5263, 22.00, '2018-07-11 10:08:36'),
(139, 'robert', '8/5/2008', 4861, 89.00, '2018-07-11 10:08:51'),
(140, 'robert', '5/8/2017', 6514, 353.00, '2018-07-11 10:09:02'),
(141, 'robert', '6/2/2016', 8954, 56.00, '2018-07-11 10:09:16'),
(142, 'robert', '5/8/2017', 6514, 353.00, '2018-07-11 10:09:44'),
(143, 'robert', '6/2/2016', 8954, 56.00, '2018-07-11 10:09:58'),
(144, 'robert', '3/24/2015', 3675, 482.00, '2018-07-11 10:10:22'),
(145, 'robert', '6/15/2006', 2894, 79.00, '2018-07-11 10:10:40'),
(146, 'robert', '5/9/2017', 3154, 159.00, '2018-07-11 10:10:53'),
(147, 'robert', '12/12/2012', 7825, 158.00, '2018-07-11 10:11:09');

-- --------------------------------------------------------

--
-- Table structure for table `goals`
--

CREATE TABLE `goals` (
  `id` int(11) NOT NULL,
  `username` varchar(30) NOT NULL,
  `goaltype` varchar(15) NOT NULL,
  `goalamount` int(4) NOT NULL,
  `goaltimer` double(20,2) NOT NULL
) ENGINE=InnoDB DEFAULT CHARSET=utf8;

--
-- Dumping data for table `goals`
--

INSERT INTO `goals` (`id`, `username`, `goaltype`, `goalamount`, `goaltimer`) VALUES
(150, 'robert', 'memos', 5, 0.00),
(151, 'robert', 'labelAppointmen', 5, 0.00),
(152, 'robert', 'memos', 5, 0.00),
(153, 'robert', 'sortFiles', 5, 323.77),
(154, 'robert', 'labelAppointmen', 5, 0.00),
(155, 'robert', 'sortFiles', 5, 0.00),
(156, 'robert', 'calculatePercen', 5, 608.00),
(157, 'robert', 'memos', 8, 0.00),
(158, 'robert', 'sortFiles', 48, 257.43),
(161, 'wood', 'sortFiles', 1, 5.22),
(162, 'wood', 'labelAppointmen', 1, 0.00),
(163, 'wood', 'sortFiles', 1, 6.04),
(164, 'wood', 'labelAppointmen', 1, 0.00),
(165, 'wood', 'labelAppointmen', 1, 0.00),
(166, 'wood', 'sortFiles', 1, 3.83),
(167, 'wood', 'financial', 1, 11.44),
(168, 'wood', 'crossCheck', 1, 14.13),
(169, 'wood', 'financial', 1, 5.61),
(173, 'wood', 'financial', 1, 98.90),
(174, 'robert', 'sortFiles', 48, 224.44),
(175, 'robert', 'financial', 10, 260.17),
(176, 'robert', 'crossCheck', 4, 1005.64),
(177, 'robert', 'labelAppointmen', 17, 0.00),
(178, 'robert', 'crossCheck', 4, 135.97),
(179, 'robert', 'labelAppointmen', 17, 0.00),
(180, 'robert', 'labelAppointmen', 17, 0.00),
(181, 'robert', 'financial', 10, 262.96),
(182, 'robert', 'sortFiles', 48, 229.72),
(183, 'robert', 'labelAppointmen', 51, 0.00),
(184, 'robert', 'labelAppointmen', 51, 0.00),
(185, 'robert', 'labelAppointmen', 51, 0.00),
(186, 'robert', 'labelAppointmen', 51, 0.00),
(187, 'wood', 'sortFiles', 1, 3.18),
(188, 'wood', 'sortFiles', 1, 6.41),
(189, 'wood', 'financial', 1, 7.37),
(190, 'wood', 'memos', 1, 0.00),
(191, 'wood', 'memos', 1, 0.00),
(192, 'robert', 'financial', 10, 255.40),
(193, 'robert', 'sortFiles', 48, 219.35),
(194, 'robert', 'crossCheck', 4, 136.84),
(195, 'robert', 'financial', 10, 242.19),
(196, 'robert', 'labelAppointmen', 17, 0.00),
(197, 'robert', 'labelAppointmen', 17, 0.00),
(198, 'robert', 'labelAppointmen', 51, 0.00),
(199, 'robert', 'sortFiles', 48, 236.60),
(200, 'robert', 'financial', 10, 219.95),
(201, 'robert', 'crossCheck', 1, 55.37),
(202, 'robert', 'labelAppointmen', 51, 0.00),
(203, 'robert', 'sortFiles', 48, 0.00),
(204, 'robert', 'financial', 10, 299.23),
(205, 'robert', 'crossCheck', 1, 38.68),
(206, 'robert', 'labelAppointmen', 17, 0.00),
(207, 'robert', 'sortFiles', 48, 207.02),
(208, 'robert', 'crossCheck', 1, 27.86),
(209, 'wood', 'financial', 1, 7.99),
(210, 'wood', 'memos', 1, 0.00),
(211, 'wood', 'financial', 1, 6.11),
(212, 'wood', 'memos', 1, 0.00),
(213, 'wood', 'memos', 1, 0.00),
(214, 'robert', 'labelAppointmen', 46, 0.00),
(215, 'robert', 'crossCheck', 1, 61.66),
(216, 'robert', 'labelAppointmen', 46, 0.00),
(217, 'robert', 'labelAppointmen', 46, 0.00),
(218, 'robert', 'labelAppointmen', 46, 0.00),
(219, 'robert', 'labelAppointmen', 46, 0.00),
(220, 'robert', 'labelAppointmen', 46, 0.00),
(221, 'robert', 'labelAppointmen', 46, 0.00),
(222, 'robert', 'crossCheck', 1, 22.97),
(223, 'robert', 'labelAppointmen', 46, 0.00),
(224, 'robert', 'financial', 9, 123.17),
(225, 'robert', 'sortFiles', 43, 180.55),
(226, 'robert', 'labelAppointmen', 46, 0.00),
(227, 'robert', 'labelAppointmen', 46, 0.00),
(228, 'robert', 'crossCheck', 3, 60.62),
(229, 'robert', 'labelAppointmen', 15, 0.00),
(230, 'robert', 'crossCheck', 3, 54.99),
(231, 'robert', 'labelAppointmen', 15, 0.00),
(232, 'robert', 'sortFiles', 43, 184.44),
(233, 'robert', 'financial', 9, 159.57),
(234, 'robert', 'crossCheck', 3, 16.88),
(235, 'robert', 'labelAppointmen', 15, 0.00),
(236, 'robert', 'crossCheck', 3, 87.19),
(237, 'robert', 'labelAppointmen', 15, 0.00),
(238, 'robert', 'crossCheck', 3, 36.12),
(239, 'robert', 'labelAppointmen', 45, 0.00),
(240, 'robert', 'sortFiles', 43, 198.10),
(241, 'robert', 'financial', 9, 122.94),
(242, 'robert', 'labelAppointmen', 45, 0.00),
(243, 'robert', 'labelAppointmen', 45, 0.00),
(244, 'robert', 'financial', 9, 132.66),
(245, 'robert', 'labelAppointmen', 45, 0.00),
(246, 'robert', 'sortFiles', 43, 0.00);

-- --------------------------------------------------------

--
-- Table structure for table `labelappointmentinfo`
--

CREATE TABLE `labelappointmentinfo` (
  `id` int(5) NOT NULL,
  `firstname` varchar(30) NOT NULL,
  `lastname` varchar(30) NOT NULL,
  `apptnum` int(4) NOT NULL
) ENGINE=InnoDB DEFAULT CHARSET=utf8;

--
-- Dumping data for table `labelappointmentinfo`
--

INSERT INTO `labelappointmentinfo` (`id`, `firstname`, `lastname`, `apptnum`) VALUES
(1, 'Levi', 'Nazari', 3),
(2, 'Richie', 'Bonnett', 6),
(3, 'Carlotta', 'Nadelson', 4),
(4, 'Regan', 'Livingood', 1),
(5, 'Isobel', 'Hannem', 1),
(6, 'Hildegard', 'Watford', 5),
(7, 'Allan', 'Pierotti', 5),
(8, 'Elizbeth', 'Clutter', 8),
(9, 'Berneice', 'Mihalek', 1),
(10, 'Laine', 'Kaui', 1),
(11, 'Aida', 'Walding', 4),
(12, 'Darrick', 'Halen', 1),
(13, 'Taren', 'Dees', 1),
(14, 'Hank', 'Kawachi', 7),
(15, 'Valeria', 'Krisman', 1),
(16, 'Abram', 'Landan', 2),
(17, 'Kortney', 'Wangerin', 6),
(18, 'Joyce', 'Vandenburg', 1),
(19, 'Miguel', 'Ost', 1),
(20, 'Kate', 'Corriveau', 1),
(21, 'Francesco', 'Quelette', 1),
(22, 'Charlene', 'Chesner', 6),
(23, 'Bridgette', 'Tuman', 8),
(24, 'Alysia', 'Metzker', 1),
(25, 'Fredia', 'Labeots', 1),
(26, 'Cruz', 'Ordoyne', 2),
(27, 'Charmaine', 'Skiles', 7),
(28, 'Margarita', 'Kobis', 1),
(29, 'Ethan', 'Hartfield', 1),
(30, 'Michel', 'Golonka', 4),
(31, 'Aaron', 'Giessler', 1),
(32, 'Maritza', 'Polaco', 1),
(33, 'Ilda', 'Mcwayne', 7),
(34, 'Dirk', 'Firmin', 3),
(35, 'Oswaldo', 'Wilhelm', 1),
(36, 'Gilberte', 'Marvel', 1),
(37, 'Gladis', 'Cooke', 1),
(38, 'Marty', 'Ziemer', 2),
(39, 'Alishia', 'Benzi', 7),
(40, 'Darrel', 'Decou', 7),
(41, 'Ehtel', 'Saeli', 6),
(42, 'Glenda', 'Swofford', 1),
(43, 'Manie', 'Cuhel', 3),
(44, 'Keira', 'Ballance', 1),
(45, 'Dori', 'Strapp', 4),
(46, 'Nenita', 'Jach', 3),
(47, 'Chiquita', 'Kowalowski', 1),
(48, 'Meta', 'Terris', 4),
(49, 'Almeta', 'Vaka', 3),
(50, 'Richelle', 'Schroedel', 1),
(51, 'Sena', 'Ouren', 1),
(52, 'Ma', 'Mervis', 4),
(53, 'Ceola', 'Angelucci', 4),
(54, 'Rogelio', 'Alberry', 3),
(55, 'Miguelina', 'Humes', 1),
(56, 'Jesusa', 'Delana', 1),
(57, 'Sylvie', 'Duchemin', 6),
(58, 'Raguel', 'Ramson', 2),
(59, 'Cecilia', 'Wessinger', 7),
(60, 'Louis', 'Giasson', 1),
(61, 'Ezequiel', 'Ottilige', 5),
(62, 'Hana', 'Stetler', 1),
(63, 'Sasha', 'Hollman', 5),
(64, 'Ilona', 'Werry', 5),
(65, 'Arnoldo', 'Redenius', 4),
(66, 'Waylon', 'Subramanian', 5),
(67, 'Rocky', 'Barile', 1),
(68, 'Lory', 'Moonshower', 3),
(69, 'Zenobia', 'Cornfield', 1),
(70, 'Valorie', 'Vent', 5),
(71, 'Pablo', 'Rickards', 3),
(72, 'Isaac', 'Graven', 1),
(73, 'Judi', 'Kolppa', 6),
(74, 'Rosette', 'Gazdik', 1),
(75, 'Teddy', 'Atzhorn', 1),
(76, 'Lavinia', 'Renee', 7),
(77, 'Mckenzie', 'Rieben', 7),
(78, 'Cyril', 'Zawacki', 3),
(79, 'Bess', 'Flanagin', 6),
(80, 'Britt', 'Malavet', 8),
(81, 'Kraig', 'Mackessy', 1),
(82, 'Bethanie', 'Zmijewski', 3),
(83, 'Akilah', 'Wachsman', 1),
(84, 'Charlene', 'Porter', 4),
(85, 'Jacqualine', 'Oest', 1),
(86, 'Jeanetta', 'Roulette', 1),
(87, 'Michael', 'Brieno', 1),
(88, 'Ruthanne', 'Bors', 5),
(89, 'Clyde', 'Bink', 1),
(90, 'Dennis', 'Feltes', 2),
(91, 'Lera', 'Helgager', 1),
(92, 'Latricia', 'Digrazia', 1),
(93, 'Shan', 'Bursley', 1),
(94, 'Sylvie', 'Pereda', 4),
(95, 'Lowell', 'Guiski', 5),
(96, 'Arleen', 'Steeby', 2),
(97, 'Torri', 'Stief', 8),
(98, 'Charlene', 'Thew', 5),
(99, 'Rodger', 'Betzner', 1),
(100, 'Johnie', 'Deltoro', 4),
(101, 'Shawnna', 'China', 1),
(102, 'Marcus', 'Dunham', 1),
(103, 'Claudette', 'Trend', 5),
(104, 'Jacqualine', 'Melkonian', 2),
(105, 'Trent', 'Debello', 2),
(106, 'Shavon', 'Vivenzio', 7),
(107, 'Ji', 'Eckardt', 2),
(108, 'Vergie', 'Jenrette', 6),
(109, 'Vincent', 'Churan', 4),
(110, 'Song', 'Youngblood', 1),
(111, 'Rayford', 'Striegel', 7),
(112, 'Romeo', 'Forni', 1),
(113, 'Elodia', 'Remondini', 6),
(114, 'Chanelle', 'Bevelle', 1),
(115, 'Hong', 'Heinemann', 1),
(116, 'Ty', 'Paige', 5),
(117, 'Gilberte', 'Khemmanivong', 3),
(118, 'Aurelio', 'Castle', 1),
(119, 'Brinda', 'Dewyer', 3),
(120, 'Svetlana', 'Mikkola', 1),
(121, 'Lesley', 'Zorn', 1),
(122, 'Helene', 'Zeni', 2),
(123, 'Vicky', 'Turell', 6),
(124, 'Tessa', 'Bannerman', 4),
(125, 'Otelia', 'Teska', 1),
(126, 'Roxy', 'Taydus', 1),
(127, 'Donna', 'Castells', 1),
(128, 'Hong', 'Maley', 5),
(129, 'Tracie', 'Rodde', 8),
(130, 'Foster', 'Bodah', 8),
(131, 'Tifany', 'Malinky', 6),
(132, 'Cyrstal', 'Goodland', 1),
(133, 'Lynne', 'Bonsu', 1),
(134, 'Colleen', 'Keylor', 1),
(135, 'Joette', 'Datta', 2),
(136, 'Cassey', 'Haraldson', 1),
(137, 'Thu', 'Haneline', 2),
(138, 'Sophia', 'Melochick', 7),
(139, 'Daryl', 'Applen', 5),
(140, 'Eden', 'Vlasak', 1),
(141, 'Delmer', 'Strawther', 6),
(142, 'Claude', 'Erie', 1),
(143, 'Willia', 'Laswell', 6),
(144, 'Lorri', 'Seide', 8),
(145, 'Brandon', 'Buehrle', 7),
(146, 'Alonzo', 'Straughan', 5),
(147, 'Luanne', 'Capraro', 1),
(148, 'Kena', 'Jaecks', 7),
(149, 'Myrtis', 'Pafundi', 6),
(150, 'Juliane', 'Udani', 1),
(151, 'Eda', 'Jezewski', 6),
(152, 'Jeff', 'Adamiak', 6),
(153, 'Don', 'Wilm', 5),
(154, 'Taina', 'Rosenberry', 2),
(155, 'Stevie', 'Irr', 1),
(156, 'Kimberlee', 'Eylicio', 1),
(157, 'Margeret', 'Totter', 2),
(158, 'Delpha', 'Hoag', 1),
(159, 'Rosalie', 'Bierly', 7),
(160, 'Kelley', 'Wilen', 1),
(161, 'Aletha', 'Tolle', 4),
(162, 'Ayana', 'Livoti', 5),
(163, 'Honey', 'Burgin', 1),
(164, 'Valentine', 'Hartshorn', 1),
(165, 'Chantelle', 'Dinardo', 6),
(166, 'Taneka', 'Brofft', 6),
(167, 'Lexie', 'Seigler', 2),
(168, 'Marion', 'Rabe', 4),
(169, 'Leia', 'Tiano', 1),
(170, 'Lavonna', 'Edes', 1),
(171, 'Towanda', 'Alborn', 7),
(172, 'Clorinda', 'Wildhaber', 7),
(173, 'Bertie', 'Colton', 6),
(174, 'Raisa', 'Wreath', 4),
(175, 'Melisa', 'Quance', 3),
(176, 'Blair', 'Frieze', 8),
(177, 'Cathi', 'Karpinen', 6),
(178, 'Joel', 'Gehris', 1),
(179, 'Eli', 'Lattanzio', 6),
(180, 'Ruby', 'Begolli', 1),
(181, 'Hong', 'Boros', 4),
(182, 'Janine', 'Dorne', 1),
(183, 'Gaye', 'Bringard', 3),
(184, 'Jeffie', 'Swem', 1),
(185, 'Curtis', 'Cassiano', 7),
(186, 'Alyssa', 'Kiddle', 1),
(187, 'Joeann', 'Fenn', 6),
(188, 'Dayna', 'Vinas', 1),
(189, 'Roy', 'Gronlund', 1),
(190, 'Glayds', 'Tarrats', 5),
(191, 'Nicola', 'Busbey', 1),
(192, 'Cyndy', 'Smyers', 5),
(193, 'Stephany', 'Ack', 1),
(194, 'Stanford', 'Saneaux', 1),
(195, 'Melania', 'Stender', 1),
(196, 'Wan', 'Steadham', 6),
(197, 'Elbert', 'Archibeque', 5),
(198, 'Mauro', 'Worrell', 3),
(199, 'Milissa', 'Thayne', 1),
(200, 'Argentina', 'Denham', 1),
(201, 'Gertie', 'Heuvelmann', 7),
(202, 'Maryjane', 'Baranowski', 1),
(203, 'Yolonda', 'Stockham', 7),
(204, 'Sommer', 'Admas', 4),
(205, 'Dorthea', 'Prunty', 7),
(206, 'Danette', 'Soulier', 2),
(207, 'Beverley', 'Goldbeck', 6),
(208, 'Raisa', 'Oeler', 5),
(209, 'Dion', 'Beliles', 1),
(210, 'Torri', 'Golabek', 1),
(211, 'Ja', 'Allington', 1),
(212, 'Holli', 'Nagelschmidt', 5),
(213, 'Moshe', 'Crites', 6),
(214, 'Angel', 'Ard', 1),
(215, 'Lana', 'Trovillion', 6),
(216, 'Tosha', 'Shildneck', 1),
(217, 'Magaret', 'Bertrand', 2),
(218, 'Sherlene', 'Friesz', 7),
(219, 'Kelly', 'Kreimer', 1),
(220, 'Tosha', 'Alvanas', 6),
(221, 'Susanne', 'Graminski', 1),
(222, 'Kasie', 'Daniello', 6);

-- --------------------------------------------------------

--
-- Table structure for table `labelappointmentinput`
--

CREATE TABLE `labelappointmentinput` (
  `id` int(5) NOT NULL,
  `username` varchar(30) NOT NULL,
  `position` int(5) NOT NULL,
  `selected` varchar(50) NOT NULL,
  `timestamp` varchar(20) NOT NULL
) ENGINE=InnoDB DEFAULT CHARSET=utf8;

--
-- Dumping data for table `labelappointmentinput`
--

INSERT INTO `labelappointmentinput` (`id`, `username`, `position`, `selected`, `timestamp`) VALUES
(41, 'test2', 26, 'followUp', '2018-05-06 19:05:01'),
(42, 'test2', 27, 'followUp', '2018-05-06 19:05:04'),
(43, 'test2', 28, 'initial', '2018-05-06 19:05:09'),
(44, 'test2', 29, 'initial', '2018-05-06 19:05:13'),
(45, 'test2', 30, 'followUp', '2018-05-06 19:05:49'),
(46, 'test2', 31, 'initial', '2018-05-06 19:05:52'),
(47, 'test2', 32, 'initial', '2018-05-06 19:05:56'),
(48, 'test2', 33, 'followUp', '2018-05-06 19:06:05'),
(49, 'test2', 34, 'followUp', '2018-05-06 19:06:12'),
(50, 'test2', 35, 'initial', '2018-05-06 19:06:17'),
(51, 'test2', 36, 'initial', '2018-05-06 19:06:20'),
(52, 'test2', 37, 'initial', '2018-05-06 19:06:23'),
(53, 'test2', 38, 'followUp', '2018-05-06 19:06:29'),
(54, 'test2', 39, 'followUp', '2018-05-06 19:06:32'),
(55, 'test2', 40, 'followUp', '2018-05-06 19:06:35'),
(56, 'robert', 1, 'followUp', '2018-07-11 09:49:53'),
(57, 'robert', 2, 'followUp', '2018-07-11 09:49:57'),
(58, 'robert', 3, 'followUp', '2018-07-11 09:50:01'),
(59, 'robert', 4, 'initial', '2018-07-11 09:50:04'),
(60, 'robert', 5, 'initial', '2018-07-11 09:50:06'),
(61, 'robert', 6, 'followUp', '2018-07-11 09:50:09'),
(62, 'robert', 7, 'followUp', '2018-07-11 09:50:12'),
(63, 'robert', 8, 'followUp', '2018-07-11 09:50:14'),
(64, 'robert', 9, 'initial', '2018-07-11 09:50:17'),
(65, 'robert', 10, 'initial', '2018-07-11 09:50:20'),
(66, 'robert', 11, 'followUp', '2018-07-11 09:50:23'),
(67, 'robert', 12, 'initial', '2018-07-11 09:50:26'),
(68, 'robert', 13, 'initial', '2018-07-11 09:50:29'),
(69, 'robert', 14, 'followUp', '2018-07-11 09:50:32'),
(70, 'robert', 15, 'followUp', '2018-07-11 09:50:35'),
(71, 'robert', 16, 'followUp', '2018-07-11 09:50:38'),
(72, 'robert', 17, 'followUp', '2018-07-11 09:50:43'),
(73, 'robert', 18, 'initial', '2018-07-11 09:50:47'),
(74, 'robert', 19, 'initial', '2018-07-11 09:50:49'),
(75, 'robert', 20, 'initial', '2018-07-11 09:50:52'),
(76, 'robert', 21, 'initial', '2018-07-11 09:50:55'),
(77, 'robert', 22, 'followUp', '2018-07-11 09:50:58'),
(78, 'robert', 23, 'followUp', '2018-07-11 09:51:01'),
(79, 'robert', 24, 'initial', '2018-07-11 09:51:04'),
(80, 'robert', 25, 'initial', '2018-07-11 09:51:07'),
(81, 'robert', 26, 'followUp', '2018-07-11 09:51:10'),
(82, 'robert', 27, 'followUp', '2018-07-11 09:51:13'),
(83, 'robert', 28, 'initial', '2018-07-11 09:51:16'),
(84, 'robert', 29, 'initial', '2018-07-11 09:51:18'),
(85, 'robert', 30, 'followUp', '2018-07-11 09:51:21'),
(86, 'robert', 31, 'followUp', '2018-07-11 09:51:24'),
(87, 'robert', 32, 'initial', '2018-07-11 09:51:27'),
(88, 'robert', 33, 'followUp', '2018-07-11 09:51:31'),
(89, 'robert', 34, 'followUp', '2018-07-11 09:51:34'),
(90, 'robert', 35, 'followUp', '2018-07-11 09:51:37'),
(91, 'robert', 36, 'initial', '2018-07-11 09:51:40'),
(92, 'robert', 37, 'initial', '2018-07-11 09:51:44'),
(93, 'robert', 39, 'followUp', '2018-07-11 09:51:51'),
(94, 'robert', 40, 'followUp', '2018-07-11 09:51:54'),
(95, 'robert', 41, 'followUp', '2018-07-11 09:51:56'),
(96, 'robert', 42, 'initial', '2018-07-11 09:51:59'),
(97, 'robert', 43, 'followUp', '2018-07-11 09:52:03'),
(98, 'robert', 44, 'followUp', '2018-07-11 09:52:06'),
(99, 'robert', 45, 'followUp', '2018-07-11 09:52:13'),
(100, 'robert', 46, 'followUp', '2018-07-11 09:58:55'),
(101, 'robert', 47, 'initial', '2018-07-11 09:58:58'),
(102, 'robert', 48, 'followUp', '2018-07-11 09:59:00'),
(103, 'robert', 49, 'followUp', '2018-07-11 09:59:04'),
(104, 'robert', 50, 'initial', '2018-07-11 09:59:06'),
(105, 'robert', 51, 'initial', '2018-07-11 09:59:09'),
(106, 'robert', 52, 'followUp', '2018-07-11 09:59:12'),
(107, 'robert', 53, 'followUp', '2018-07-11 09:59:14'),
(108, 'robert', 54, 'followUp', '2018-07-11 09:59:17'),
(109, 'robert', 55, 'initial', '2018-07-11 09:59:20'),
(110, 'robert', 56, 'initial', '2018-07-11 09:59:23'),
(111, 'robert', 57, 'followUp', '2018-07-11 09:59:26'),
(112, 'robert', 58, 'followUp', '2018-07-11 09:59:29'),
(113, 'robert', 59, 'followUp', '2018-07-11 09:59:32'),
(114, 'robert', 60, 'initial', '2018-07-11 09:59:35'),
(115, 'robert', 61, 'followUp', '2018-07-11 09:59:37'),
(116, 'robert', 62, 'initial', '2018-07-11 09:59:40'),
(117, 'robert', 63, 'followUp', '2018-07-11 09:59:43'),
(118, 'robert', 64, 'followUp', '2018-07-11 09:59:46'),
(119, 'robert', 65, 'followUp', '2018-07-11 09:59:49'),
(120, 'robert', 66, 'followUp', '2018-07-11 09:59:53'),
(121, 'robert', 67, 'initial', '2018-07-11 09:59:55'),
(122, 'robert', 68, 'followUp', '2018-07-11 09:59:58'),
(123, 'robert', 69, 'initial', '2018-07-11 10:00:00'),
(124, 'robert', 70, 'followUp', '2018-07-11 10:00:04'),
(125, 'robert', 71, 'followUp', '2018-07-11 10:00:08'),
(126, 'robert', 72, 'initial', '2018-07-11 10:00:11'),
(127, 'robert', 73, 'followUp', '2018-07-11 10:00:15'),
(128, 'robert', 74, 'initial', '2018-07-11 10:00:18'),
(129, 'robert', 75, 'initial', '2018-07-11 10:00:21'),
(130, 'robert', 76, 'followUp', '2018-07-11 10:00:25'),
(131, 'robert', 77, 'followUp', '2018-07-11 10:00:28'),
(132, 'wood', 1, 'initial', '2018-07-09 19:22:16'),
(133, 'wood', 2, 'followUp', '2018-07-09 19:21:08'),
(134, 'robert', 38, 'followUp', '2018-07-11 09:51:47'),
(135, 'robert', 78, 'followUp', '2018-07-11 10:00:31'),
(136, 'robert', 79, 'followUp', '2018-07-11 10:00:34'),
(137, 'robert', 80, 'followUp', '2018-07-11 10:00:36'),
(138, 'robert', 81, 'initial', '2018-07-11 10:00:39'),
(139, 'robert', 82, 'followUp', '2018-07-11 10:00:43'),
(140, 'robert', 83, 'initial', '2018-07-11 10:00:45'),
(141, 'robert', 84, 'followUp', '2018-07-11 10:00:48'),
(142, 'robert', 85, 'initial', '2018-07-11 10:00:51'),
(143, 'robert', 86, 'initial', '2018-07-11 10:00:53'),
(144, 'robert', 87, 'initial', '2018-07-11 10:00:56'),
(145, 'robert', 88, 'followUp', '2018-07-11 10:00:59'),
(146, 'robert', 89, 'initial', '2018-07-11 10:01:02'),
(147, 'robert', 90, 'followUp', '2018-07-11 10:01:05'),
(148, 'robert', 91, 'initial', '2018-07-11 10:01:09'),
(149, 'robert', 92, 'initial', '2018-07-11 10:01:12'),
(150, 'robert', 93, 'initial', '2018-07-11 10:01:15'),
(151, 'robert', 94, 'followUp', '2018-07-11 10:01:18'),
(152, 'robert', 95, 'followUp', '2018-07-11 10:01:21'),
(153, 'robert', 96, 'followUp', '2018-07-11 10:01:25'),
(154, 'robert', 97, 'followUp', '2018-07-11 10:01:28'),
(155, 'robert', 98, 'followUp', '2018-07-11 10:01:31'),
(156, 'robert', 99, 'initial', '2018-07-11 10:01:34'),
(157, 'robert', 100, 'followUp', '2018-07-11 10:01:37'),
(158, 'robert', 101, 'initial', '2018-07-11 10:02:34'),
(159, 'robert', 102, 'initial', '2018-07-11 10:02:38'),
(160, 'robert', 103, 'followUp', '2018-07-11 10:02:41'),
(161, 'robert', 104, 'followUp', '2018-07-11 10:02:44'),
(162, 'robert', 105, 'followUp', '2018-07-11 10:02:48'),
(163, 'robert', 106, 'followUp', '2018-07-11 10:02:51'),
(164, 'robert', 107, 'followUp', '2018-07-11 10:02:54'),
(165, 'robert', 108, 'followUp', '2018-07-11 10:02:58'),
(166, 'robert', 109, 'followUp', '2018-07-11 10:03:01'),
(167, 'robert', 110, 'initial', '2018-07-11 10:03:03'),
(168, 'robert', 111, 'followUp', '2018-07-11 10:03:06'),
(169, 'robert', 112, 'initial', '2018-07-11 10:03:09'),
(170, 'robert', 113, 'followUp', '2018-07-11 10:03:13'),
(171, 'robert', 114, 'initial', '2018-07-11 10:03:16'),
(172, 'robert', 115, 'initial', '2018-07-11 10:03:18'),
(173, 'robert', 116, 'followUp', '2018-07-11 10:03:21'),
(174, 'robert', 117, 'followUp', '2018-07-11 10:03:24'),
(175, 'robert', 118, 'initial', '2018-07-11 10:03:27'),
(176, 'robert', 119, 'followUp', '2018-07-11 10:03:30'),
(177, 'robert', 120, 'initial', '2018-07-11 10:03:34'),
(178, 'robert', 121, 'initial', '2018-07-11 10:03:38'),
(179, 'robert', 122, 'followUp', '2018-07-11 10:03:42'),
(180, 'robert', 123, 'followUp', '2018-07-11 10:03:45'),
(181, 'robert', 124, 'followUp', '2018-07-11 10:03:48'),
(182, 'robert', 125, 'initial', '2018-07-11 10:03:51'),
(183, 'robert', 126, 'initial', '2018-07-11 10:03:55'),
(184, 'robert', 127, 'initial', '2018-07-11 10:03:58'),
(185, 'robert', 128, 'followUp', '2018-07-11 10:04:02'),
(186, 'robert', 129, 'followUp', '2018-07-11 10:04:05'),
(187, 'robert', 130, 'followUp', '2018-07-11 10:04:08'),
(188, 'robert', 131, 'followUp', '2018-07-11 10:04:12'),
(189, 'robert', 132, 'initial', '2018-07-11 10:04:15'),
(190, 'robert', 133, 'initial', '2018-07-11 10:04:18'),
(191, 'robert', 134, 'initial', '2018-07-11 10:04:22'),
(192, 'robert', 135, 'followUp', '2018-07-11 10:04:26'),
(193, 'robert', 136, 'initial', '2018-07-11 10:04:29'),
(194, 'robert', 137, 'followUp', '2018-07-11 10:04:32'),
(195, 'robert', 138, 'followUp', '2018-07-11 10:04:35'),
(196, 'robert', 139, 'followUp', '2018-07-11 10:04:38'),
(197, 'robert', 140, 'initial', '2018-07-11 10:04:40'),
(198, 'robert', 141, 'followUp', '2018-07-11 10:04:43'),
(199, 'robert', 142, 'initial', '2018-07-11 10:04:46'),
(200, 'robert', 143, 'followUp', '2018-07-11 10:04:50'),
(201, 'robert', 144, 'followUp', '2018-07-11 10:04:54'),
(202, 'robert', 145, 'followUp', '2018-07-11 10:04:57'),
(203, 'robert', 146, 'followUp', '2018-07-11 10:05:01'),
(204, 'robert', 147, 'initial', '2018-07-11 10:05:05'),
(205, 'robert', 148, 'followUp', '2018-07-11 10:05:08'),
(206, 'robert', 149, 'followUp', '2018-07-11 10:05:11'),
(207, 'robert', 150, 'initial', '2018-07-11 10:05:14'),
(208, 'robert', 151, 'followUp', '2018-07-11 10:11:02'),
(209, 'robert', 152, 'followUp', '2018-07-11 09:13:03'),
(210, 'robert', 153, 'followUp', '2018-07-11 09:13:06'),
(211, 'robert', 154, 'followUp', '2018-07-11 09:13:09'),
(212, 'robert', 155, 'initial', '2018-07-11 09:13:12'),
(213, 'robert', 156, 'initial', '2018-07-11 09:13:15'),
(214, 'robert', 157, 'followUp', '2018-07-11 09:13:19'),
(215, 'robert', 158, 'initial', '2018-07-11 09:13:21'),
(216, 'robert', 159, 'followUp', '2018-07-11 09:13:24'),
(217, 'robert', 160, 'initial', '2018-07-11 09:13:28'),
(218, 'robert', 161, 'followUp', '2018-07-11 09:13:31'),
(219, 'robert', 162, 'followUp', '2018-07-11 09:13:36'),
(220, 'robert', 163, 'initial', '2018-07-11 09:14:14'),
(221, 'robert', 164, 'initial', '2018-07-11 09:14:18'),
(222, 'robert', 165, 'followUp', '2018-07-11 09:14:21'),
(223, 'robert', 166, 'followUp', '2018-07-11 09:14:24'),
(224, 'robert', 167, 'followUp', '2018-07-11 09:14:28'),
(225, 'robert', 168, 'followUp', '2018-07-11 09:14:33'),
(226, 'robert', 169, 'initial', '2018-07-11 09:14:35'),
(227, 'robert', 170, 'initial', '2018-07-11 09:14:38'),
(228, 'robert', 171, 'followUp', '2018-07-11 09:14:41'),
(229, 'robert', 172, 'followUp', '2018-07-11 09:14:46'),
(230, 'robert', 173, 'followUp', '2018-07-11 09:14:48'),
(231, 'robert', 174, 'followUp', '2018-07-11 09:14:51'),
(232, 'robert', 175, 'followUp', '2018-07-11 09:14:53'),
(233, 'robert', 176, 'followUp', '2018-07-11 09:14:57'),
(234, 'robert', 177, 'followUp', '2018-07-11 09:15:00'),
(235, 'robert', 178, 'initial', '2018-07-11 09:15:03'),
(236, 'robert', 179, 'followUp', '2018-07-11 09:15:06'),
(237, 'robert', 180, 'initial', '2018-07-11 09:15:09'),
(238, 'robert', 181, 'followUp', '2018-07-11 09:15:12'),
(239, 'robert', 182, 'initial', '2018-07-11 09:15:16'),
(240, 'robert', 183, 'followUp', '2018-07-11 09:15:19'),
(241, 'robert', 184, 'initial', '2018-07-11 09:15:22'),
(242, 'robert', 185, 'followUp', '2018-07-11 09:15:25'),
(243, 'robert', 186, 'initial', '2018-07-11 09:15:28'),
(244, 'robert', 187, 'followUp', '2018-07-11 09:15:32'),
(245, 'robert', 188, 'initial', '2018-07-11 09:15:35'),
(246, 'robert', 189, 'initial', '2018-07-11 09:15:38'),
(247, 'robert', 190, 'followUp', '2018-07-11 09:15:41'),
(248, 'robert', 191, 'initial', '2018-07-11 09:15:44'),
(249, 'robert', 192, 'followUp', '2018-07-11 09:15:47'),
(250, 'robert', 193, 'initial', '2018-07-11 09:15:50'),
(251, 'robert', 194, 'initial', '2018-07-11 09:15:54'),
(252, 'robert', 195, 'initial', '2018-07-11 09:15:58'),
(253, 'robert', 196, 'followUp', '2018-07-11 09:16:01'),
(254, 'robert', 197, 'followUp', '2018-07-11 09:16:04'),
(255, 'robert', 198, 'followUp', '2018-07-11 09:16:08'),
(256, 'robert', 199, 'initial', '2018-07-11 09:16:12'),
(257, 'robert', 200, 'initial', '2018-07-11 09:16:15'),
(258, 'robert', 201, 'followUp', '2018-07-11 09:16:18'),
(259, 'robert', 202, 'initial', '2018-07-11 09:16:23'),
(260, 'robert', 203, 'followUp', '2018-07-11 09:16:27'),
(261, 'robert', 204, 'followUp', '2018-07-11 09:16:31'),
(262, 'robert', 205, 'followUp', '2018-07-11 09:16:35'),
(263, 'robert', 206, 'followUp', '2018-07-11 09:16:39'),
(264, 'robert', 207, 'followUp', '2018-07-11 09:16:42'),
(265, 'robert', 208, 'followUp', '2018-07-11 09:16:49'),
(266, 'robert', 209, 'initial', '2018-07-11 09:16:52'),
(267, 'robert', 210, 'initial', '2018-07-11 09:16:55'),
(268, 'robert', 211, 'initial', '2018-07-11 09:17:02'),
(269, 'robert', 212, 'followUp', '2018-07-11 09:17:06'),
(270, 'robert', 213, 'followUp', '2018-07-11 09:17:09'),
(271, 'robert', 214, 'initial', '2018-07-11 09:17:12'),
(272, 'robert', 215, 'followUp', '2018-07-11 09:17:15'),
(273, 'robert', 216, 'initial', '2018-07-11 09:17:18'),
(274, 'robert', 217, 'followUp', '2018-07-11 09:17:21'),
(275, 'robert', 218, 'followUp', '2018-07-11 09:17:24'),
(276, 'robert', 219, 'initial', '2018-07-11 09:17:27'),
(277, 'robert', 220, 'followUp', '2018-07-11 09:17:32'),
(278, 'robert', 221, 'initial', '2018-07-11 09:17:37');

-- --------------------------------------------------------

--
-- Table structure for table `logininfo`
--

CREATE TABLE `logininfo` (
  `username` varchar(30) NOT NULL,
  `password` varchar(10) NOT NULL,
  `emailaddress` varchar(30) NOT NULL,
  `admin` tinyint(1) NOT NULL,
  `financial` int(2) NOT NULL,
  `memo` int(2) NOT NULL,
  `crosscheck` int(2) NOT NULL,
  `sortfiles` int(2) NOT NULL,
  `percentage` int(2) NOT NULL,
  `appointments` int(2) NOT NULL
) ENGINE=InnoDB DEFAULT CHARSET=utf8;

--
-- Dumping data for table `logininfo`
--

INSERT INTO `logininfo` (`username`, `password`, `emailaddress`, `admin`, `financial`, `memo`, `crosscheck`, `sortfiles`, `percentage`, `appointments`) VALUES
('', '', '', 0, 0, 0, 0, 0, 0, 0),
('robbyn', 'robbyn', 'robbyn@yahoo.com', 1, 1, 1, 1, 1, 1, 1),
('Robert', 'robert', 'robertvas07@yahoo.com', 0, 9, 0, 1, 43, 0, 45),
('test', 'test', 'test@gmail.com', 0, 0, 0, 1, 2, 1, 1),
('test2', 'test', 'test@gmail.com', 0, 3, 3, 3, 3, 3, 1),
('testuser1', 'test', 'test@gmail.com', 0, 10, 3, 10, 10, 10, 10),
('Wood', 'wood', 'wood@gmail.com', 0, 1, 1, 1, 1, 1, 1);

-- --------------------------------------------------------

--
-- Table structure for table `memoinfo`
--

CREATE TABLE `memoinfo` (
  `id` int(3) NOT NULL,
  `memotext` varchar(4000) NOT NULL
) ENGINE=InnoDB DEFAULT CHARSET=utf8;

--
-- Dumping data for table `memoinfo`
--

INSERT INTO `memoinfo` (`id`, `memotext`) VALUES
(1, 'Be sure to check! your emails tod8y. A company wid announcement will be sent by our administration office. Have an awesum day.'),
(2, 'Remember 2 lock up all valuables when out on the floor. Phons are to be left in the break room If a phone si seen on the floor you will be written up.'),
(3, 'It\'s the weekend! No important messages to day. Just take a break and have sum fun theis wekeend.'),
(4, 'If you arrive mor than 10 minutes early do not clock in! you are allowed to clokci in 10 mintes before your shift but no earlier.'),
(5, 'We will be performings eversal software updates on Friday May 9 th . Sevices may be temporarily unavailable from 12pm - 2 pm. Take the necessary precaustions.'),
(6, 'Thank you for all of your hard work. This memo is just to sya that we appreciate each end every 1 of you. Thank you for all you do eavery day!'),
(7, 'Remember to sign off on all appointments once compltd. This is of utmost importantce as it impacts oru billing services and ability to continue services;'),
(8, 'Please see our office manager 4 time off requests. The procedure fo r requesting time off has changed. And he will be happy to assit you with any questions or concerns.');

-- --------------------------------------------------------

--
-- Table structure for table `memoinput`
--

CREATE TABLE `memoinput` (
  `id` int(11) NOT NULL,
  `memoID` int(11) NOT NULL,
  `username` varchar(30) NOT NULL,
  `memotext` varchar(4000) NOT NULL,
  `timestamp` varchar(20) NOT NULL
) ENGINE=InnoDB DEFAULT CHARSET=utf8;

--
-- Dumping data for table `memoinput`
--

INSERT INTO `memoinput` (`id`, `memoID`, `username`, `memotext`, `timestamp`) VALUES
(37, 1, 'robert', 'Be sure to check your emails today. A company wide announcement will be sent by our administration office. Have an awesome day.', '2018-07-09 10:11:22'),
(38, 2, 'robert', 'Remember to lock up all valuables when you\\\'re out on the floor. Phones are to be left in the break room. If a phone is seen on the floor, you will be written up.', '2018-07-09 10:11:56'),
(39, 3, 'robert', 'It\\\'s the weekend! No important messages today. Just take a break, and have some fun this wekeend.', '2018-07-09 10:12:20'),
(40, 4, 'robert', 'If you arrive more than 10 minutes early, do not clock in. You are allowed to clock in 10 minutes before your shift, but no earlier.', '2018-07-09 09:27:55'),
(41, 5, 'robert', 'We will be performing several software updates on Friday, May 9th . Services may be temporarily unavailable from 12 pm - 2 pm. Take the necessary precautions.', '2018-07-09 09:28:54'),
(42, 6, 'robert', 'Thank you for all of your hard work. This memo is just to say that we appreciate each and every one of you. Thank you for all you do everyday.', '2018-07-09 09:29:35'),
(43, 7, 'robert', 'Remember to sign off on all appointments once completed. This is of utmost importance, as it impacts our billing services and ability to continue services.', '2018-07-09 09:30:15'),
(44, 8, 'robert', 'Please see our office manager for time off requests. The procedure for requesting time off has changed, and he will be happy to assist you with any questions or concerns.', '2018-07-09 09:30:56'),
(45, 9, 'robert', 'Please see our office manager for time off requests. The procedure for requesting time off has changed, and he will be happy to assist you with any questions or concerns.', '2018-07-09 09:31:01'),
(46, 10, 'robert', 'Please see our office manager for time off requests. The procedure for requesting time off has changed, and he will be happy to assist you with any questions or concerns.', '2018-07-09 09:31:39'),
(47, 11, 'robert', 'Please see our office manager for time off requests. The procedure for requesting time off has changed, and he will be happy to assist you with any questions or concerns.', '2018-07-09 09:32:00'),
(48, 12, 'robert', 'Please see our office manager for time off requests. The procedure for requesting time off has changed, and he will be happy to assist you with any questions or concerns.', '2018-07-09 09:32:14'),
(49, 13, 'robert', 'Please see our office manager for time off requests. The procedure for requesting time off has changed, and he will be happy to assist you with any questions or concerns.', '2018-07-09 09:32:27'),
(50, 14, 'robert', '', '2018-07-09 09:49:31'),
(51, 15, 'robert', '', '2018-07-09 09:50:01'),
(52, 16, 'robert', '', '2018-07-09 09:50:20'),
(53, 17, 'robert', '', '2018-07-09 09:50:25'),
(54, 1, 'wood', 'Be sure to check! your emails tod8y. A company wid announcement will be sent by our administration office. Have an awesum day.', '2018-07-11 08:45:35'),
(55, 2, 'wood', 'Remember 2 lock up all valuables when out on the floor. Phons are to be left in the break room If a phone si seen on the floor you will be written up.', '2018-07-11 08:46:02');

-- --------------------------------------------------------

--
-- Table structure for table `percentageinput`
--

CREATE TABLE `percentageinput` (
  `recordnum` int(5) NOT NULL,
  `username` varchar(30) NOT NULL,
  `apptattend` int(4) NOT NULL,
  `apptlate` int(4) NOT NULL,
  `apptnotattend` int(4) NOT NULL,
  `percentattend` double(7,4) DEFAULT NULL,
  `percentlate` double(7,4) DEFAULT NULL,
  `timestamp` varchar(20) NOT NULL
) ENGINE=InnoDB DEFAULT CHARSET=utf8;

--
-- Dumping data for table `percentageinput`
--

INSERT INTO `percentageinput` (`recordnum`, `username`, `apptattend`, `apptlate`, `apptnotattend`, `percentattend`, `percentlate`, `timestamp`) VALUES
(0, 'robert', 9, 3, 8, 60.0000, 25.0000, '2018-07-09 08:33:58'),
(1, 'robert', 10, 6, 3, 84.0000, 38.0000, '2018-07-09 08:33:59'),
(2, 'robert', 1, 0, 2, 33.0000, 0.0000, '2018-07-09 08:33:59'),
(3, 'robert', 2, 1, 2, 60.0000, 33.0000, '2018-07-09 08:33:59'),
(4, 'robert', 2, 1, 2, 60.0000, 33.0000, '2018-07-09 08:33:59'),
(5, 'robert', 3, 2, 9, 36.0000, 40.0000, '2018-07-09 08:36:14'),
(6, 'robert', 12, 8, 9, 69.0000, 40.0000, '2018-07-09 08:36:42'),
(7, 'robert', 8, 1, 5, 64.0000, 11.0000, '2018-07-09 08:37:15'),
(8, 'robert', 11, 10, 5, 81.0000, 48.0000, '2018-07-09 08:37:35'),
(9, 'robert', 15, 6, 5, 81.0000, 29.0000, '2018-07-09 08:37:59'),
(10, 'robert', 3, 1, 5, 44.0000, 25.0000, '2018-07-09 08:38:18'),
(11, 'robert', 8, 6, 8, 64.0000, 43.0000, '2018-07-09 08:38:40'),
(12, 'robert', 11, 8, 4, 83.0000, 42.0000, '2018-07-09 08:39:08'),
(13, 'robert', 14, 9, 8, 74.0000, 39.0000, '2018-07-09 08:39:28'),
(14, 'robert', 13, 11, 8, 75.0000, 46.0000, '2018-07-09 08:40:05'),
(15, 'robert', 10, 3, 8, 62.0000, 23.0000, '2018-07-09 08:40:17'),
(16, 'robert', 11, 10, 8, 72.0000, 48.0000, '2018-07-09 08:40:47'),
(17, 'robert', 4, 2, 8, 43.0000, 33.0000, '2018-07-09 08:41:08'),
(18, 'robert', 7, 1, 10, 44.0000, 13.0000, '2018-07-09 08:41:27'),
(19, 'robert', 8, 0, 3, 72.0000, 0.0000, '2018-07-09 08:41:59'),
(20, 'robert', 11, 5, 5, 76.0000, 31.0000, '2018-07-09 08:42:14'),
(21, 'robert', 3, 2, 3, 63.0000, 40.0000, '2018-07-09 08:42:36'),
(22, 'robert', 14, 12, 8, 76.0000, 46.0000, '2018-07-09 08:42:55'),
(23, 'robert', 3, 1, 7, 36.0000, 25.0000, '2018-07-09 08:43:28'),
(24, 'robert', 10, 4, 4, 78.0000, 29.0000, '2018-07-09 08:43:50'),
(25, 'robert', 12, 11, 6, 79.0000, 48.0000, '2018-07-09 08:44:08'),
(26, 'robert', 7, 3, 9, 53.0000, 30.0000, '2018-07-09 08:44:31'),
(27, 'robert', 9, 1, 8, 56.0000, 10.0000, '2018-07-09 08:44:52'),
(28, 'robert', 5, 2, 7, 50.0000, 29.0000, '2018-07-09 08:45:11'),
(29, 'robert', 10, 9, 5, 79.0000, 47.0000, '2018-07-09 08:45:27'),
(30, 'robert', 3, 0, 6, 33.0000, 0.0000, '2018-07-09 08:46:02'),
(31, 'robert', 5, 5, 10, 50.0000, 50.0000, '2018-07-09 08:46:13'),
(32, 'robert', 3, 3, 4, 60.0000, 50.0000, '2018-07-09 08:46:26'),
(33, 'robert', 10, 8, 5, 78.0000, 44.0000, '2018-07-09 08:46:35'),
(34, 'robert', 11, 9, 4, 83.0000, 45.0000, '2018-07-09 08:46:49'),
(35, 'robert', 14, 6, 6, 77.0000, 30.0000, '2018-07-09 08:47:14'),
(36, 'robert', 5, 3, 6, 57.0000, 38.0000, '2018-07-09 08:47:30'),
(37, 'robert', 6, 5, 6, 65.0000, 45.0000, '2018-07-09 08:47:44'),
(38, 'robert', 10, 1, 10, 52.0000, 10.0000, '2018-07-09 08:48:02'),
(39, 'robert', 14, 13, 10, 73.0000, 48.0000, '2018-07-09 08:48:21'),
(40, 'robert', 15, 13, 4, 88.0000, 46.0000, '2018-07-09 08:49:11'),
(41, 'robert', 13, 9, 6, 79.0000, 41.0000, '2018-07-09 08:54:53'),
(42, 'robert', 11, 2, 9, 59.0000, 15.0000, '2018-07-09 08:55:12'),
(43, 'robert', 14, 1, 7, 68.0000, 7.0000, '2018-07-09 08:55:33'),
(44, 'robert', 6, 1, 10, 41.0000, 14.0000, '2018-07-09 08:55:48'),
(45, 'robert', 14, 8, 6, 79.0000, 36.0000, '2018-07-09 08:56:13'),
(46, 'robert', 12, 5, 7, 71.0000, 29.0000, '2018-07-09 08:56:32'),
(47, 'robert', 10, 10, 5, 80.0000, 50.0000, '2018-07-09 08:56:47'),
(48, 'robert', 3, 0, 6, 33.0000, 0.0000, '2018-07-09 08:57:04'),
(49, 'robert', 6, 3, 9, 50.0000, 33.0000, '2018-07-09 08:57:28'),
(50, 'robert', 14, 5, 3, 86.0000, 26.0000, '2018-07-09 08:57:43'),
(51, 'robert', 14, 10, 4, 86.0000, 42.0000, '2018-07-09 08:58:02'),
(52, 'robert', 15, 10, 6, 81.0000, 40.0000, '2018-07-09 08:58:17'),
(53, 'robert', 11, 10, 8, 72.0000, 48.0000, '2018-07-09 08:58:33'),
(54, 'robert', 4, 1, 3, 63.0000, 20.0000, '2018-07-09 08:58:52'),
(55, 'robert', 8, 7, 3, 83.0000, 47.0000, '2018-07-09 08:59:05'),
(56, 'robert', 9, 5, 6, 70.0000, 36.0000, '2018-07-09 08:59:22'),
(57, 'robert', 5, 4, 7, 56.0000, 44.0000, '2018-07-09 08:59:41'),
(58, 'robert', 7, 6, 4, 76.0000, 46.0000, '2018-07-09 08:59:56'),
(59, 'robert', 6, 6, 9, 57.0000, 50.0000, '2018-07-09 09:00:18'),
(60, 'robert', 15, 9, 10, 71.0000, 38.0000, '2018-07-09 09:00:29'),
(61, 'robert', 9, 8, 5, 77.0000, 47.0000, '2018-07-09 09:00:52'),
(62, 'robert', 9, 6, 9, 63.0000, 40.0000, '2018-07-09 09:01:05'),
(63, 'robert', 15, 14, 7, 81.0000, 48.0000, '2018-07-09 09:01:22'),
(64, 'robert', 10, 2, 0, 83.0000, 17.0000, '2018-07-09 09:01:38'),
(65, 'robert', 8, 5, 7, 65.0000, 38.0000, '2018-07-09 09:25:33'),
(66, 'robert', 9, 5, 4, 78.0000, 36.0000, '2018-07-09 09:26:23'),
(67, 'robert', 10, 8, 3, 86.0000, 44.0000, '2018-07-09 09:26:46'),
(68, 'robert', 5, 2, 9, 44.0000, 29.0000, '2018-07-09 09:27:07'),
(69, 'robert', 12, 12, 8, 75.0000, 50.0000, '2018-07-09 09:38:59'),
(70, 'robert', 8, 3, 5, 69.0000, 27.0000, '2018-07-09 09:39:19'),
(71, 'robert', 15, 6, 3, 88.0000, 29.0000, '2018-07-09 09:39:35'),
(72, 'robert', 5, 2, 5, 58.0000, 29.0000, '2018-07-09 09:39:54'),
(73, 'robert', 6, 3, 8, 53.0000, 33.0000, '2018-07-09 09:40:32'),
(74, 'robert', 11, 5, 7, 70.0000, 31.0000, '2018-07-09 09:51:00'),
(75, 'robert', 5, 1, 4, 60.0000, 17.0000, '2018-07-09 09:51:17'),
(76, 'robert', 6, 1, 8, 47.0000, 14.0000, '2018-07-09 09:51:31'),
(77, 'robert', 4, 4, 7, 53.0000, 50.0000, '2018-07-09 09:51:47'),
(78, 'robert', 5, 2, 10, NULL, NULL, '2018-07-09 09:52:08');

-- --------------------------------------------------------

--
-- Table structure for table `restrictions`
--

CREATE TABLE `restrictions` (
  `username` varchar(30) NOT NULL,
  `limiter` int(2) NOT NULL,
  `limited` int(2) NOT NULL,
  `day` int(1) DEFAULT NULL,
  `limitedgoal` int(11) NOT NULL
) ENGINE=InnoDB DEFAULT CHARSET=utf8;

--
-- Dumping data for table `restrictions`
--

INSERT INTO `restrictions` (`username`, `limiter`, `limited`, `day`, `limitedgoal`) VALUES
('Robert', 6, 3, 3, 3),
('testuser1', 0, 0, 1, 0),
('Wood', 1, 2, 2, 3);

-- --------------------------------------------------------

--
-- Table structure for table `sortedfiles`
--

CREATE TABLE `sortedfiles` (
  `recordnum` int(5) NOT NULL,
  `username` varchar(30) NOT NULL,
  `inputfile` varchar(15) NOT NULL,
  `selected` varchar(2) NOT NULL,
  `timestamp` varchar(20) NOT NULL
) ENGINE=InnoDB DEFAULT CHARSET=utf8;

--
-- Dumping data for table `sortedfiles`
--

INSERT INTO `sortedfiles` (`recordnum`, `username`, `inputfile`, `selected`, `timestamp`) VALUES
(78, 'robert', 'S9AY3cOo.pdf', 'S', '2018-07-09 08:27:39'),
(79, 'robert', 'R8Q31hCl.pdf', 'R', '2018-07-09 08:32:19'),
(80, 'robert', 'ZjbgLsVm.pdf', 'Z', '2018-07-09 08:32:26'),
(81, 'robert', 'JNSZ3ybd.pdf', 'J', '2018-07-09 08:32:40'),
(82, 'robert', 'Ffk7B22l.pdf', 'F', '2018-07-09 08:32:51'),
(83, 'robert', 'Vs4t4qEc.pdf', 'V', '2018-07-09 09:17:11'),
(84, 'robert', 'RPfLv5iO.pdf', 'R', '2018-07-09 09:17:17'),
(85, 'robert', 'XXaJVppq.pdf', 'X', '2018-07-09 09:17:22'),
(86, 'robert', 'V6k34sOh.pdf', 'V', '2018-07-09 09:17:29'),
(87, 'robert', 'V6k34sOh.pdf', 'V', '2018-07-09 09:17:36'),
(88, 'robert', 'S5aoMVkv.pdf', 'S', '2018-07-09 09:17:42'),
(89, 'robert', 'Ywk0fe3L.pdf', 'Y', '2018-07-09 09:18:22'),
(90, 'robert', 'QOsS43mX.pdf', 'Q', '2018-07-09 09:18:27'),
(91, 'robert', 'Ae9i8MGG.pdf', 'A', '2018-07-09 09:18:32'),
(92, 'robert', 'VphqubNT.pdf', 'V', '2018-07-09 09:18:42'),
(93, 'robert', 'FMbT6A0B.pdf', 'F', '2018-07-09 09:18:46'),
(94, 'robert', 'JyfH7u6W.pdf', 'J', '2018-07-09 09:18:53'),
(95, 'robert', 'Sl7Tu3YE.pdf', 'S', '2018-07-09 09:18:59'),
(96, 'robert', 'TSPwzHFl.pdf', 'T', '2018-07-09 09:19:04'),
(97, 'robert', 'YE0zR9Mj.pdf', 'Y', '2018-07-09 09:19:09'),
(98, 'robert', 'PvpXr6pB.pdf', 'P', '2018-07-09 09:19:16'),
(99, 'robert', 'QOAxPJ5f.pdf', 'Q', '2018-07-09 09:19:24'),
(100, 'robert', 'Y3CKg34Y.pdf', 'Y', '2018-07-09 09:40:46'),
(101, 'robert', 'CsXQa1ZA.pdf', 'C', '2018-07-09 09:40:51'),
(102, 'robert', 'DzDEiQEn.pdf', 'D', '2018-07-09 09:40:55'),
(103, 'robert', 'YhkpA8VL.pdf', 'Y', '2018-07-09 09:41:01'),
(104, 'robert', 'BT281PW2.pdf', 'B', '2018-07-09 09:41:05'),
(105, 'robert', 'YbRLVTaL.pdf', 'Y', '2018-07-09 09:41:10'),
(106, 'robert', 'WlGvXlmy.pdf', 'W', '2018-07-09 09:41:15'),
(107, 'robert', 'IvQowwJ0.pdf', 'I', '2018-07-09 09:41:20'),
(108, 'robert', 'IvQowwJ0.pdf', 'I', '2018-07-09 09:41:22'),
(109, 'robert', 'KjRc4h2k.pdf', 'K', '2018-07-09 09:41:26'),
(110, 'robert', 'K1JltLbo.pdf', 'K', '2018-07-09 09:41:30'),
(111, 'robert', 'JPN2VBRG.pdf', 'J', '2018-07-09 09:41:36'),
(112, 'robert', 'JjuaA3oX.pdf', 'J', '2018-07-09 09:41:40'),
(113, 'robert', 'Hud9eegN.pdf', 'H', '2018-07-09 09:41:45'),
(114, 'robert', 'IpYpFvBj.pdf', 'I', '2018-07-09 09:41:56'),
(115, 'robert', 'JQKoWIjP.pdf', 'J', '2018-07-09 09:42:13'),
(116, 'robert', 'JQKoWIjP.pdf', 'J', '2018-07-09 09:42:19'),
(117, 'robert', 'ZFPjuZOP.pdf', 'Z', '2018-07-09 09:42:25'),
(118, 'robert', 'LGX8j3JJ.pdf', 'L', '2018-07-09 09:42:29'),
(119, 'robert', 'V6nm2jQL.pdf', 'V', '2018-07-09 09:42:35'),
(120, 'robert', 'LguJfeTh.pdf', 'L', '2018-07-09 09:42:40'),
(121, 'robert', 'JPqj246k.pdf', 'J', '2018-07-09 09:42:44'),
(122, 'robert', 'ExqafIsF.pdf', 'E', '2018-07-09 09:42:49'),
(123, 'robert', 'Dta2tzVZ.pdf', 'D', '2018-07-09 09:42:53'),
(124, 'robert', 'Dta2tzVZ.pdf', 'D', '2018-07-09 09:42:55'),
(125, 'robert', 'DK0LqPZ3.pdf', 'D', '2018-07-09 09:43:00'),
(126, 'robert', 'D69RgA4c.pdf', 'D', '2018-07-09 09:43:04'),
(127, 'robert', 'SfKDBUOw.pdf', 'S', '2018-07-09 09:43:15'),
(128, 'robert', 'Y5iWtn3D.pdf', 'Y', '2018-07-09 09:43:25'),
(129, 'robert', 'BgUMOJW2.pdf', 'B', '2018-07-09 09:43:29'),
(130, 'robert', 'QsSQ0cRD.pdf', 'Q', '2018-07-09 09:43:34'),
(131, 'robert', 'Ih9ibaLE.pdf', 'I', '2018-07-09 09:43:44'),
(132, 'robert', 'BRQwJ5sN.pdf', 'B', '2018-07-09 09:43:54'),
(133, 'robert', 'HzlDhqFE.pdf', 'H', '2018-07-09 09:44:04'),
(134, 'robert', 'NKViQmUZ.pdf', 'N', '2018-07-09 09:44:14'),
(135, 'robert', 'GxmDcHu1.pdf', 'G', '2018-07-09 09:44:22'),
(136, 'robert', 'Ql35PFA7.pdf', 'Q', '2018-07-09 09:44:27'),
(137, 'robert', 'XNdnjliz.pdf', 'X', '2018-07-09 09:44:33'),
(138, 'robert', 'Rr4NaRao.pdf', 'R', '2018-07-09 09:44:38'),
(139, 'robert', 'AbepsbEf.pdf', 'A', '2018-07-09 09:44:42'),
(140, 'robert', 'IiHvMkME.pdf', 'I', '2018-07-09 09:44:47'),
(141, 'robert', 'UCC0PdWD.pdf', 'U', '2018-07-09 09:44:52'),
(142, 'robert', 'YRlpoyWZ.pdf', 'Y', '2018-07-09 09:44:58'),
(143, 'robert', 'YLSUElPT.pdf', 'Y', '2018-07-09 09:45:02'),
(144, 'robert', 'YqBdzOxB.pdf', 'Y', '2018-07-09 09:45:06'),
(145, 'robert', 'FBCSMmem.pdf', 'F', '2018-07-09 09:45:10'),
(146, 'robert', 'Glqurmxj.pdf', 'G', '2018-07-09 09:45:21'),
(147, 'robert', 'M5jm1Wyn.pdf', 'M', '2018-07-09 09:45:27'),
(148, 'robert', 'YPz0YUs4.pdf', 'Y', '2018-07-09 09:45:32'),
(149, 'robert', 'DHHBPaBu.pdf', 'D', '2018-07-09 09:45:36'),
(150, 'robert', 'UVLJhaGL.pdf', 'U', '2018-07-09 09:45:41'),
(151, 'robert', 'MJJw114e.pdf', 'M', '2018-07-09 09:45:51'),
(152, 'robert', 'RvlsySHx.pdf', 'R', '2018-07-09 09:45:56'),
(153, 'robert', 'RvlsySHx.pdf', 'R', '2018-07-09 09:46:01'),
(154, 'robert', 'Dsw6fTvF.pdf', 'D', '2018-07-09 09:46:05'),
(155, 'robert', 'XxaWAV5U.pdf', 'X', '2018-07-09 09:46:12'),
(156, 'robert', 'XxaWAV5U.pdf', 'X', '2018-07-09 09:46:17'),
(157, 'robert', 'AmZIFzLA.pdf', 'A', '2018-07-09 09:46:21'),
(158, 'robert', 'SmRDtrzC.pdf', 'S', '2018-07-09 09:46:27'),
(159, 'robert', 'Y4VAfQAm.pdf', 'Y', '2018-07-09 10:21:17'),
(160, 'robert', 'I3EM5SuN.pdf', 'I', '2018-07-09 10:21:21'),
(161, 'robert', 'MW4zkkeq.pdf', 'M', '2018-07-09 10:21:29'),
(162, 'robert', 'NWP0htFq.pdf', 'N', '2018-07-09 10:21:34'),
(163, 'robert', 'YDM9iAb2.pdf', 'Y', '2018-07-09 10:21:42'),
(164, 'robert', 'Nwxe01pZ.pdf', 'N', '2018-07-09 10:21:48'),
(165, 'robert', 'H6SPMSIq.pdf', 'H', '2018-07-09 10:21:52'),
(166, 'robert', 'Go4n2Khl.pdf', 'G', '2018-07-09 10:22:02'),
(167, 'robert', 'FikSBZXZ.pdf', 'F', '2018-07-09 10:22:08'),
(168, 'robert', 'VAF7z1cc.pdf', 'V', '2018-07-09 10:22:14'),
(169, 'robert', 'EabcfiI6.pdf', 'E', '2018-07-09 10:22:18'),
(170, 'robert', 'M1iyxy8U.pdf', 'M', '2018-07-09 10:22:23'),
(171, 'robert', 'FSGPOV5e.pdf', 'F', '2018-07-09 10:22:27'),
(172, 'robert', 'N46dldpu.pdf', 'N', '2018-07-09 10:22:32'),
(173, 'robert', 'Spko8dbU.pdf', 'S', '2018-07-09 10:22:37'),
(174, 'robert', 'WnQuMnC4.pdf', 'W', '2018-07-09 10:22:44'),
(175, 'robert', 'UVvybOBf.pdf', 'U', '2018-07-09 10:22:48'),
(176, 'robert', 'F6F4Gv4W.pdf', 'F', '2018-07-09 10:22:52'),
(177, 'robert', 'Mt7GAegm.pdf', 'M', '2018-07-09 10:22:57'),
(178, 'robert', 'QPb3xugF.pdf', 'Q', '2018-07-09 10:23:02'),
(179, 'robert', 'E7Kza8Cf.pdf', 'E', '2018-07-09 10:23:06'),
(180, 'robert', 'H8kH3hzX.pdf', 'H', '2018-07-09 10:23:10'),
(181, 'robert', 'K79UxDIj.pdf', 'K', '2018-07-09 10:23:27'),
(182, 'robert', 'C4IohqWs.pdf', 'C', '2018-07-09 10:23:31'),
(183, 'robert', 'HK0nyT5j.pdf', 'H', '2018-07-09 10:23:35'),
(184, 'robert', 'Kkd0GyHo.pdf', 'K', '2018-07-09 10:23:40'),
(185, 'robert', 'NmHHaFX3.pdf', 'N', '2018-07-09 10:23:44'),
(186, 'robert', 'C3suOp2x.pdf', 'C', '2018-07-09 10:23:48'),
(187, 'robert', 'UUAApdQL.pdf', 'U', '2018-07-09 10:23:53'),
(188, 'robert', 'HcniCgEV.pdf', 'H', '2018-07-09 10:23:57'),
(189, 'robert', 'TY0Bw5wY.pdf', 'T', '2018-07-09 10:24:02'),
(190, 'robert', 'MLW0qyvY.pdf', 'M', '2018-07-09 10:24:07'),
(191, 'robert', 'Ek81CAJN.pdf', 'E', '2018-07-09 10:24:12'),
(192, 'robert', 'SuCF4aR8.pdf', 'S', '2018-07-09 10:24:17'),
(193, 'robert', 'PUMUIdWG.pdf', 'P', '2018-07-09 10:24:22'),
(194, 'robert', 'NU7DIAeK.pdf', 'N', '2018-07-09 10:24:29'),
(195, 'robert', 'GSwIcMx7.pdf', 'G', '2018-07-09 10:24:33'),
(196, 'robert', 'Jwhumz0c.pdf', 'J', '2018-07-09 10:24:36'),
(197, 'robert', 'RwIhHBRX.pdf', 'R', '2018-07-09 10:24:43'),
(198, 'robert', 'UNJ0CYWf.pdf', 'U', '2018-07-09 10:24:47'),
(199, 'robert', 'QO9e744c.pdf', 'Q', '2018-07-09 10:24:54'),
(200, 'robert', 'FuIznKef.pdf', 'F', '2018-07-09 10:24:58'),
(201, 'robert', 'Z4OnIgYf.pdf', 'Z', '2018-07-09 10:25:10'),
(202, 'robert', 'Uan4K7Uf.pdf', 'U', '2018-07-09 10:25:15'),
(203, 'robert', 'GzMiwRPG.pdf', 'G', '2018-07-09 10:25:19'),
(204, 'robert', 'AA1lWGRr.pdf', 'A', '2018-07-09 10:25:22'),
(205, 'robert', 'KQQlLQ1h.pdf', 'K', '2018-07-09 10:25:26'),
(206, 'robert', 'Ybe4aqH4.pdf', 'Y', '2018-07-09 10:25:30'),
(207, 'robert', 'DCSax4fa.pdf', 'D', '2018-07-09 10:25:33'),
(208, 'robert', 'Yg9AdBI7.pdf', 'Y', '2018-07-09 10:25:38'),
(209, 'robert', 'VTOM5ffj.pdf', 'V', '2018-07-09 10:25:44'),
(210, 'robert', 'Zktk31xl.pdf', 'Z', '2018-07-09 10:25:48'),
(211, 'robert', 'H9BwnIMw.pdf', 'H', '2018-07-09 10:25:52'),
(212, 'robert', 'FXrcwO8M.pdf', 'F', '2018-07-09 10:25:56'),
(213, 'robert', 'RSFZ4CBp.pdf', 'R', '2018-07-09 10:26:04'),
(214, 'robert', 'GbYthwxS.pdf', 'G', '2018-07-09 10:26:10'),
(215, 'robert', 'KfT3T1Gf.pdf', 'K', '2018-07-09 10:26:16'),
(216, 'robert', 'IsIJkZtf.pdf', 'I', '2018-07-09 10:26:20'),
(217, 'robert', 'CkPj9Upo.pdf', 'C', '2018-07-09 10:26:24'),
(218, 'robert', 'TkVYkp6B.pdf', 'T', '2018-07-09 10:26:29'),
(219, 'robert', 'VrvL6GML.pdf', 'V', '2018-07-09 10:26:33'),
(220, 'robert', 'RPTXbhu3.pdf', 'R', '2018-07-09 10:26:38'),
(221, 'robert', 'SmJINs50.pdf', 'S', '2018-07-09 10:26:42'),
(222, 'robert', 'UPMg3H1C.pdf', 'U', '2018-07-09 10:26:46'),
(223, 'robert', 'L4AoDm3N.pdf', 'L', '2018-07-09 10:26:52'),
(224, 'robert', 'Xi98eHiw.pdf', 'X', '2018-07-09 10:26:58'),
(225, 'robert', 'ZbACFsKA.pdf', 'Z', '2018-07-09 10:27:02'),
(226, 'robert', 'A10ewF2e.pdf', 'A', '2018-07-09 10:27:06'),
(227, 'robert', 'J2PDdB8O.pdf', 'J', '2018-07-09 10:27:09'),
(228, 'robert', 'QDVe1Hkh.pdf', 'Q', '2018-07-09 10:27:13'),
(229, 'robert', 'LE0jepT8.pdf', 'L', '2018-07-09 10:27:17'),
(230, 'robert', 'V3BgdQDd.pdf', 'V', '2018-07-09 10:27:22'),
(231, 'robert', 'C9jXeCIu.pdf', 'C', '2018-07-09 10:27:26'),
(232, 'robert', 'B4s3XQNy.pdf', 'B', '2018-07-09 10:27:29'),
(233, 'robert', 'NfXMWX9S.pdf', 'N', '2018-07-09 10:27:34'),
(234, 'robert', 'FUoJdXXJ.pdf', 'F', '2018-07-09 10:27:38'),
(235, 'robert', 'YHYvcKgE.pdf', 'Y', '2018-07-09 10:27:44'),
(236, 'robert', 'SOp3z6Bp.pdf', 'S', '2018-07-09 10:27:48'),
(237, 'robert', 'JirPlGF8.pdf', 'J', '2018-07-09 10:27:52'),
(238, 'robert', 'KENpTMVT.pdf', 'K', '2018-07-09 10:27:56'),
(239, 'robert', 'N7WNENkl.pdf', 'N', '2018-07-09 10:28:01'),
(240, 'robert', 'Xxi50FZ1.pdf', 'X', '2018-07-09 10:28:06'),
(241, 'robert', 'PJr4x9EF.pdf', 'P', '2018-07-09 10:28:14'),
(242, 'robert', 'PJr4x9EF.pdf', 'P', '2018-07-09 10:28:14'),
(243, 'robert', 'F6wMKk5o.pdf', 'F', '2018-07-09 10:28:19'),
(244, 'robert', 'GXAyndVO.pdf', 'G', '2018-07-09 10:28:23'),
(245, 'robert', 'GShdET6h.pdf', 'G', '2018-07-09 10:28:27'),
(246, 'robert', 'IFSgMY0J.pdf', 'I', '2018-07-09 10:28:30'),
(247, 'robert', 'EcghzOnd.pdf', 'E', '2018-07-09 10:28:35'),
(248, 'robert', 'UEzhCC5j.pdf', 'U', '2018-07-09 10:28:40'),
(249, 'robert', 'Rd2faeo6.pdf', 'R', '2018-07-09 10:28:46'),
(250, 'robert', 'BKF1KYur.pdf', 'B', '2018-07-09 10:28:49'),
(251, 'robert', 'JTt76Y3N.pdf', 'J', '2018-07-09 10:28:53'),
(252, 'robert', 'Tw7faDhk.pdf', 'T', '2018-07-09 10:29:02'),
(253, 'robert', 'Q6NdNgPL.pdf', 'Q', '2018-07-09 10:29:09'),
(254, 'robert', 'YPDtdNxE.pdf', 'Y', '2018-07-09 10:29:13'),
(255, 'robert', 'IHDt1Xbz.pdf', 'I', '2018-07-09 10:29:17'),
(256, 'robert', 'XlzVJY53.pdf', 'X', '2018-07-09 10:29:22'),
(257, 'robert', 'SD9z8DlL.pdf', 'S', '2018-07-09 10:29:26'),
(258, 'robert', 'SckDn43N.pdf', 'S', '2018-07-09 10:29:32'),
(259, 'robert', 'AHnmoL3g.pdf', 'A', '2018-07-09 10:29:36'),
(260, 'robert', 'K3Avlhw4.pdf', 'K', '2018-07-09 10:29:39'),
(261, 'robert', 'Zg0Psiws.pdf', 'Z', '2018-07-09 10:29:46'),
(262, 'robert', 'VdFHQMmX.pdf', 'V', '2018-07-09 10:29:51'),
(263, 'robert', 'EPwXjd1q.pdf', 'E', '2018-07-09 10:29:55'),
(264, 'robert', 'Dhl7eo3U.pdf', 'D', '2018-07-09 10:29:59'),
(265, 'robert', 'Y227Xh8k.pdf', 'Y', '2018-07-09 10:30:04'),
(266, 'robert', 'UFUB7Kfj.pdf', 'U', '2018-07-09 10:30:10'),
(267, 'robert', 'W7Rb7S9I.pdf', 'W', '2018-07-09 10:30:16'),
(268, 'robert', 'AAFvQJYe.pdf', 'A', '2018-07-09 10:30:20'),
(269, 'robert', 'RWxQ8p7x.pdf', 'R', '2018-07-09 10:30:26'),
(270, 'robert', 'SnA8TooL.pdf', 'S', '2018-07-09 10:30:32'),
(271, 'robert', 'RPfriHhM.pdf', 'R', '2018-07-09 10:30:40'),
(272, 'robert', 'PntnAeOR.pdf', 'P', '2018-07-09 10:30:44'),
(273, 'robert', 'I30da5b1.pdf', 'I', '2018-07-09 10:30:49'),
(274, 'robert', 'Q9mBhuEL.pdf', 'Q', '2018-07-09 10:30:57'),
(275, 'robert', 'AslfiEaT.pdf', 'A', '2018-07-09 10:31:02'),
(276, 'robert', 'TQA11Lra.pdf', 'T', '2018-07-09 10:31:07'),
(277, 'robert', 'RL1QENfi.pdf', 'R', '2018-07-09 10:31:11'),
(278, 'robert', 'VSZtCzmx.pdf', 'V', '2018-07-09 10:31:17'),
(279, 'robert', 'Bcm8MIET.pdf', 'B', '2018-07-09 10:31:21'),
(280, 'robert', 'RKJOuTCo.pdf', 'R', '2018-07-09 10:31:26'),
(281, 'robert', 'MIpwJNHd.pdf', 'M', '2018-07-09 10:31:30'),
(282, 'robert', 'GHauzNS3.pdf', 'G', '2018-07-09 10:31:34'),
(283, 'robert', 'Jyj5R8Gb.pdf', 'J', '2018-07-09 10:31:38'),
(284, 'robert', 'Vqc1iz0y.pdf', 'V', '2018-07-09 10:31:44'),
(285, 'robert', 'FdRVJeEF.pdf', 'F', '2018-07-09 10:31:48'),
(286, 'robert', 'VehWbbpd.pdf', 'V', '2018-07-09 10:31:56'),
(287, 'robert', 'L0eqkpIc.pdf', 'L', '2018-07-09 10:32:01'),
(288, 'robert', 'EY8fm1Zm.pdf', 'E', '2018-07-09 10:32:06'),
(289, 'robert', 'TF3iqyz2.pdf', 'T', '2018-07-09 10:32:11'),
(290, 'robert', 'HR3uXvVE.pdf', 'H', '2018-07-09 10:32:15'),
(291, 'robert', 'UGtyyrxS.pdf', 'U', '2018-07-09 10:32:19'),
(292, 'robert', 'Fm5C1xIW.pdf', 'F', '2018-07-09 10:32:23'),
(293, 'robert', 'MaA3CR2B.pdf', 'M', '2018-07-09 10:32:28'),
(294, 'robert', 'TUrPJh3H.pdf', 'T', '2018-07-09 10:32:34'),
(295, 'robert', 'GTGDSONp.pdf', 'G', '2018-07-09 10:32:37'),
(296, 'robert', 'AoElRD4W.pdf', 'A', '2018-07-09 10:32:41'),
(297, 'robert', 'XHucuYTQ.pdf', 'X', '2018-07-09 10:32:47'),
(298, 'robert', 'GxNvYsH1.pdf', 'G', '2018-07-09 10:32:50'),
(299, 'robert', 'BHxaMHgi.pdf', 'B', '2018-07-09 10:32:54'),
(300, 'robert', 'NaJiOygi.pdf', 'N', '2018-07-09 10:32:59'),
(301, 'robert', 'GhRCQwc3.pdf', 'G', '2018-07-09 10:33:03'),
(302, 'robert', 'TtDcgo56.pdf', 'T', '2018-07-09 10:33:08'),
(303, 'robert', 'RF3PpRbf.pdf', 'R', '2018-07-09 10:33:13'),
(304, 'robert', 'XJ8dahyb.pdf', 'X', '2018-07-09 10:33:21'),
(305, 'robert', 'Jd7TCz3A.pdf', 'J', '2018-07-09 10:33:25'),
(306, 'robert', 'TLegsrt5.pdf', 'T', '2018-07-09 10:33:31'),
(307, 'robert', 'H9auIPDT.pdf', 'H', '2018-07-09 10:33:36'),
(308, 'robert', 'AZnJ1b6o.pdf', 'A', '2018-07-09 10:33:39'),
(309, 'robert', 'SA1312sw.pdf', 'S', '2018-07-09 10:33:43'),
(310, 'robert', 'RtAX6V8Z.pdf', 'R', '2018-07-09 10:33:50'),
(311, 'robert', 'GZ8mBlPS.pdf', 'G', '2018-07-09 10:33:55'),
(312, 'robert', 'GPEe9sX7.pdf', 'G', '2018-07-09 10:33:59'),
(313, 'robert', 'IbAMg2QZ.pdf', 'I', '2018-07-09 10:34:02'),
(314, 'robert', 'BOMLMLZs.pdf', 'B', '2018-07-09 10:34:06'),
(315, 'robert', 'EY3fElhz.pdf', 'E', '2018-07-09 10:34:10'),
(316, 'robert', 'YdqCwtLE.pdf', 'Y', '2018-07-09 10:34:15'),
(317, 'robert', 'QG4HaYja.pdf', 'Q', '2018-07-09 10:34:20'),
(318, 'robert', 'ESlwxFUB.pdf', 'E', '2018-07-09 10:34:24'),
(319, 'robert', 'WRlTM5iI.pdf', 'W', '2018-07-09 10:34:29'),
(320, 'robert', 'STzApIbZ.pdf', 'S', '2018-07-09 10:34:38'),
(321, 'robert', 'F64Adq0D.pdf', 'F', '2018-07-09 10:34:42'),
(322, 'robert', 'WWkajGX2.pdf', 'W', '2018-07-09 10:34:46'),
(323, 'robert', 'L2bTVzjV.pdf', 'L', '2018-07-09 10:34:51'),
(324, 'robert', 'I44bPpZM.pdf', 'I', '2018-07-09 10:34:54'),
(325, 'robert', 'YRAYxRQl.pdf', 'Y', '2018-07-09 10:34:59'),
(326, 'robert', 'CrYI6fAk.pdf', 'C', '2018-07-09 10:35:02'),
(327, 'robert', 'Ad3UtJtG.pdf', 'A', '2018-07-09 10:35:06'),
(328, 'robert', 'SoCMmhYC.pdf', 'S', '2018-07-09 10:35:10'),
(329, 'robert', 'X8CgGntl.pdf', 'X', '2018-07-09 10:35:15'),
(330, 'robert', 'NfpacEcg.pdf', 'N', '2018-07-09 10:35:20'),
(331, 'robert', 'W0u8EWY1.pdf', 'W', '2018-07-09 10:35:25'),
(332, 'robert', 'HaKYtDNZ.pdf', 'H', '2018-07-09 10:35:29'),
(333, 'robert', 'Yf9OnDUQ.pdf', 'Y', '2018-07-09 10:35:33'),
(334, 'robert', 'YnUVLVKp.pdf', 'Y', '2018-07-09 10:35:38'),
(335, 'robert', 'SLEGJf2e.pdf', 'S', '2018-07-09 10:35:44'),
(336, 'robert', 'KVf5Upqq.pdf', 'K', '2018-07-09 10:35:48'),
(337, 'robert', 'Gom8FuXB.pdf', 'G', '2018-07-09 10:35:52'),
(338, 'robert', 'TtAF5M5E.pdf', 'T', '2018-07-09 10:35:57'),
(339, 'robert', 'Hp7EwTO9.pdf', 'H', '2018-07-09 10:36:02'),
(340, 'robert', 'QLdxpUEI.pdf', 'Q', '2018-07-09 10:36:07'),
(341, 'robert', 'S3NkaRZg.pdf', 'S', '2018-07-09 10:36:12'),
(342, 'robert', 'FVqkqv2h.pdf', 'F', '2018-07-09 10:36:16'),
(343, 'robert', 'EaCQDLdi.pdf', 'E', '2018-07-09 10:36:20'),
(344, 'robert', 'MZxoHPXC.pdf', 'M', '2018-07-09 10:36:25'),
(345, 'robert', 'SNjQVo8D.pdf', 'S', '2018-07-09 10:36:29'),
(346, 'robert', 'WCCcS7XH.pdf', 'W', '2018-07-09 10:36:34'),
(347, 'robert', 'JtUYsT1c.pdf', 'J', '2018-07-09 10:36:37'),
(348, 'robert', 'AJla35xp.pdf', 'A', '2018-07-09 10:36:41'),
(349, 'robert', 'CPJHjEHV.pdf', 'C', '2018-07-09 10:36:44'),
(350, 'robert', 'JVeqjPWE.pdf', 'J', '2018-07-09 10:36:48'),
(351, 'robert', 'NAeSZ1sn.pdf', 'N', '2018-07-09 10:36:52'),
(352, 'robert', 'FM2x3DD7.pdf', 'F', '2018-07-09 10:36:57'),
(353, 'robert', 'PmdTwKnc.pdf', 'P', '2018-07-09 10:37:03'),
(354, 'robert', 'V3g3irn5.pdf', 'V', '2018-07-09 10:37:08'),
(355, 'robert', 'G3WCI7D3.pdf', 'G', '2018-07-09 10:37:12'),
(356, 'robert', 'FgK7YhQb.pdf', 'F', '2018-07-09 10:37:16'),
(357, 'robert', 'CnYmjC1l.pdf', 'C', '2018-07-09 10:37:20'),
(358, 'robert', 'K6T0WBID.pdf', 'K', '2018-07-09 10:37:25'),
(359, 'robert', 'WcxisaKV.pdf', 'W', '2018-07-09 10:37:29'),
(360, 'robert', 'JuPBKvra.pdf', 'J', '2018-07-09 10:37:39'),
(361, 'robert', 'RWxqLqzI.pdf', 'R', '2018-07-09 10:37:45'),
(362, 'robert', 'UXCgwNsj.pdf', 'U', '2018-07-09 10:37:52'),
(363, 'robert', 'MWSwfBsA.pdf', 'M', '2018-07-09 10:37:58'),
(364, 'robert', 'NHjhUfzy.pdf', 'N', '2018-07-09 10:38:05'),
(365, 'robert', 'WNPF8VHt.pdf', 'W', '2018-07-09 10:38:12'),
(366, 'robert', 'BSJ1U5Z4.pdf', 'B', '2018-07-09 10:38:16'),
(367, 'robert', 'YnxvHKTb.pdf', 'Y', '2018-07-09 10:38:22'),
(368, 'robert', 'Iuh3skBM.pdf', 'I', '2018-07-09 10:38:26'),
(369, 'robert', 'ZSLMDGj3.pdf', 'Z', '2018-07-09 10:38:32'),
(370, 'robert', 'VocWCNZG.pdf', 'V', '2018-07-09 10:38:36'),
(371, 'robert', 'BZAtSVjw.pdf', 'B', '2018-07-09 10:38:40'),
(372, 'robert', 'HIJuBJ3i.pdf', 'H', '2018-07-09 10:38:43'),
(373, 'robert', 'LXdlyue5.pdf', 'L', '2018-07-09 10:38:47'),
(374, 'robert', 'IxO9tiiM.pdf', 'I', '2018-07-09 10:38:51'),
(375, 'robert', 'JtsXrQgh.pdf', 'J', '2018-07-09 10:38:54'),
(376, 'robert', 'JhbtDfGC.pdf', 'J', '2018-07-09 10:38:58'),
(377, 'robert', 'RFJRJn7O.pdf', 'R', '2018-07-09 10:39:03'),
(378, 'robert', 'DSf4eKvw.pdf', 'D', '2018-07-09 10:39:07'),
(379, 'robert', 'KvQqEy1H.pdf', 'K', '2018-07-09 10:39:12'),
(380, 'robert', 'X01jQQpH.pdf', 'X', '2018-07-09 10:39:16'),
(381, 'robert', 'CbOx2c9t.pdf', 'C', '2018-07-09 10:39:20'),
(382, 'robert', 'IzaClC6W.pdf', 'I', '2018-07-09 10:39:24'),
(383, 'robert', 'KCHIDDjZ.pdf', 'K', '2018-07-09 10:39:27'),
(384, 'robert', 'Y9zO3LML.pdf', 'Y', '2018-07-09 10:39:31'),
(385, 'robert', 'QWCF0m6b.pdf', 'Q', '2018-07-09 10:39:37'),
(386, 'robert', 'RUytdpeX.pdf', 'R', '2018-07-09 10:39:43'),
(387, 'robert', 'X1O9w0ZN.pdf', 'X', '2018-07-09 10:39:49'),
(388, 'robert', 'XOusAu2c.pdf', 'X', '2018-07-09 10:39:53'),
(389, 'robert', 'I361s7NP.pdf', 'I', '2018-07-09 10:39:57'),
(390, 'robert', 'Zc82Btn5.pdf', 'Z', '2018-07-09 10:40:01'),
(391, 'robert', 'Fog1oxMJ.pdf', 'F', '2018-07-09 10:40:06'),
(392, 'robert', 'Wyyd6NK8.pdf', 'W', '2018-07-09 10:40:11'),
(393, 'robert', 'M77GQTBF.pdf', 'M', '2018-07-09 10:40:16'),
(394, 'robert', 'USdIWuRS.pdf', 'U', '2018-07-09 10:40:20'),
(395, 'robert', 'SfJdJdvF.pdf', 'S', '2018-07-09 10:40:24'),
(396, 'robert', 'SKyoACaI.pdf', 'S', '2018-07-09 10:40:29'),
(397, 'robert', 'EUxGA3qO.pdf', 'E', '2018-07-09 10:40:33'),
(398, 'robert', 'L5Zv5gbo.pdf', 'L', '2018-07-09 10:40:37'),
(399, 'robert', 'Lqsiy2az.pdf', 'L', '2018-07-09 10:40:42'),
(400, 'robert', 'EDUj5hhb.pdf', 'E', '2018-07-09 10:40:47'),
(401, 'robert', 'SqcRTuwg.pdf', 'S', '2018-07-09 10:40:51'),
(402, 'robert', 'VcTyPh2z.pdf', 'V', '2018-07-09 10:40:56'),
(403, 'robert', 'HgFRs6lg.pdf', 'H', '2018-07-09 10:41:00'),
(404, 'robert', 'R8e36hyG.pdf', 'R', '2018-07-09 10:41:05'),
(405, 'robert', 'V9X3OEOl.pdf', 'V', '2018-07-09 10:41:10'),
(406, 'robert', 'LuzwCSMh.pdf', 'L', '2018-07-09 10:41:14'),
(411, 'wood', 'JSA5Wn7F.pdf', 'J', '2018-07-09 19:20:01'),
(412, 'wood', 'Nl1mnayn.pdf', 'N', '2018-07-09 19:20:08'),
(413, 'wood', 'EBTyRFi8.pdf', 'I', '2018-07-09 19:22:02'),
(414, 'wood', 'T5ilEXBo.pdf', 'L', '2018-07-09 19:23:01'),
(415, 'wood', 'LHQ1jwRU.pdf', 'J', '2018-07-09 19:23:05'),
(416, 'wood', 'EVPBZILc.pdf', 'H', '2018-07-09 19:23:09'),
(417, 'robert', 'XZRGGkI6.pdf', 'X', '2018-07-10 08:25:08'),
(418, 'robert', 'F24co1Ey.pdf', 'F', '2018-07-10 08:25:12'),
(419, 'robert', 'HhfJH11l.pdf', 'H', '2018-07-10 08:25:17'),
(420, 'robert', 'UwwVUtcQ.pdf', 'U', '2018-07-10 08:25:22'),
(421, 'robert', 'JvmKGjKS.pdf', 'J', '2018-07-10 08:25:26'),
(422, 'robert', 'A6yZYVuH.pdf', 'A', '2018-07-10 08:25:30'),
(423, 'robert', 'CdBHI1NH.pdf', 'C', '2018-07-10 08:25:33'),
(424, 'robert', 'XfV3VChl.pdf', 'X', '2018-07-10 08:25:40'),
(425, 'robert', 'G67VBDKH.pdf', 'G', '2018-07-10 08:25:45'),
(426, 'robert', 'Sjed6Lno.pdf', 'S', '2018-07-10 08:25:50'),
(427, 'robert', 'UUMjAnOa.pdf', 'U', '2018-07-10 08:25:54'),
(428, 'robert', 'Ry2mdqI7.pdf', 'R', '2018-07-10 08:26:00'),
(429, 'robert', 'S3cbwoeK.pdf', 'S', '2018-07-10 08:26:04'),
(430, 'robert', 'Z6MeJQdt.pdf', 'Z', '2018-07-10 08:26:08'),
(431, 'robert', 'NDS5xu38.pdf', 'N', '2018-07-10 08:26:13'),
(432, 'robert', 'NvV6xxS3.pdf', 'N', '2018-07-10 08:26:18'),
(433, 'robert', 'DgDI7B9X.pdf', 'D', '2018-07-10 08:26:22'),
(434, 'robert', 'WTVyeomY.pdf', 'W', '2018-07-10 08:26:26'),
(435, 'robert', 'XpTSgeKq.pdf', 'X', '2018-07-10 08:26:31'),
(436, 'robert', 'R4EEA7sN.pdf', 'R', '2018-07-10 08:26:35'),
(437, 'robert', 'Bo4vhkLt.pdf', 'B', '2018-07-10 08:26:39'),
(438, 'robert', 'Ie4TOePL.pdf', 'I', '2018-07-10 08:26:43'),
(439, 'robert', 'E25ClGJ0.pdf', 'E', '2018-07-10 08:26:46'),
(440, 'robert', 'ZPCB6gpp.pdf', 'Z', '2018-07-10 08:26:50'),
(441, 'robert', 'Yk6MV9PC.pdf', 'Y', '2018-07-10 08:26:55'),
(442, 'robert', 'Efnv1BaM.pdf', 'E', '2018-07-10 08:26:59'),
(443, 'robert', 'YtvpPNPy.pdf', 'Y', '2018-07-10 08:27:03'),
(444, 'robert', 'VfRcN2A4.pdf', 'V', '2018-07-10 08:27:09'),
(445, 'robert', 'QictgsEs.pdf', 'Q', '2018-07-10 08:27:15'),
(446, 'robert', 'K92uuk9d.pdf', 'K', '2018-07-10 08:27:19'),
(447, 'robert', 'Y4r4Ztee.pdf', 'Y', '2018-07-10 08:27:22'),
(448, 'robert', 'C0VyEffO.pdf', 'C', '2018-07-10 08:27:26'),
(449, 'robert', 'LNFnxqY9.pdf', 'L', '2018-07-10 08:27:30'),
(450, 'robert', 'MBh9F52a.pdf', 'M', '2018-07-10 08:27:35'),
(451, 'robert', 'PuRvD4we.pdf', 'P', '2018-07-10 08:27:39'),
(452, 'robert', 'PYtik8B6.pdf', 'P', '2018-07-10 08:27:45'),
(453, 'robert', 'U4tZBvYM.pdf', 'U', '2018-07-10 08:27:49'),
(454, 'robert', 'UGNT4O7E.pdf', 'U', '2018-07-10 08:27:54'),
(455, 'robert', 'Uwu7gHZG.pdf', 'U', '2018-07-10 08:28:02'),
(456, 'robert', 'FT7dM67D.pdf', 'F', '2018-07-10 08:28:07'),
(457, 'robert', 'CDYWmP5Q.pdf', 'C', '2018-07-10 08:28:10'),
(458, 'robert', 'Rmlx70pN.pdf', 'R', '2018-07-10 08:28:16'),
(459, 'robert', 'PhTdWvt2.pdf', 'P', '2018-07-10 08:28:21'),
(460, 'robert', 'MGbT7ZBA.pdf', 'M', '2018-07-10 08:28:27'),
(461, 'robert', 'BFNJOppm.pdf', 'B', '2018-07-10 08:28:31'),
(462, 'robert', 'RHp4p4Kh.pdf', 'R', '2018-07-10 08:28:35'),
(463, 'robert', 'AChr1f7q.pdf', 'A', '2018-07-10 08:28:39'),
(464, 'robert', 'PK6U3gbH.pdf', 'P', '2018-07-10 08:28:47'),
(465, 'robert', 'MUAtUCdX.pdf', 'M', '2018-07-10 08:28:52'),
(466, 'robert', 'E939573q.pdf', 'E', '2018-07-10 08:28:56'),
(467, 'robert', 'GG7rVKkF.pdf', 'G', '2018-07-10 08:29:03'),
(468, 'robert', 'PPfNzc9a.pdf', 'P', '2018-07-10 08:29:09'),
(469, 'robert', 'RDu7DDl7.pdf', 'R', '2018-07-10 08:29:15'),
(470, 'robert', 'GLRhUTaM.pdf', 'G', '2018-07-10 08:29:19'),
(471, 'robert', 'B3gH7bHI.pdf', 'B', '2018-07-10 08:29:23'),
(472, 'robert', 'YrtiQw6A.pdf', 'Y', '2018-07-10 08:29:27'),
(473, 'robert', 'TU1lvErm.pdf', 'T', '2018-07-10 08:29:32'),
(474, 'robert', 'L3VIoiGQ.pdf', 'L', '2018-07-10 08:29:36'),
(475, 'robert', 'XmbwahFF.pdf', 'X', '2018-07-10 08:29:40'),
(476, 'robert', 'E9FMalBp.pdf', 'E', '2018-07-10 08:29:45'),
(477, 'robert', 'Zu6B6Uty.pdf', 'Z', '2018-07-10 08:29:49'),
(478, 'robert', 'Vm8SY5uS.pdf', 'V', '2018-07-10 08:29:57'),
(479, 'robert', 'Z4PCIjRy.pdf', 'Z', '2018-07-10 08:30:02'),
(480, 'robert', 'WpoVI9L7.pdf', 'W', '2018-07-10 08:30:07'),
(481, 'robert', 'IBlglip8.pdf', 'I', '2018-07-10 08:30:12'),
(482, 'robert', 'JyOioDVD.pdf', 'J', '2018-07-10 08:55:29'),
(483, 'robert', 'XC1v9ujj.pdf', 'X', '2018-07-10 08:55:33'),
(484, 'robert', 'Ssqa9Gfz.pdf', 'S', '2018-07-10 08:55:38'),
(485, 'robert', 'Z5jUn5eH.pdf', 'Z', '2018-07-10 08:55:43'),
(486, 'robert', 'FYB8BaUb.pdf', 'F', '2018-07-10 08:55:46'),
(487, 'robert', 'PShQR51d.pdf', 'P', '2018-07-10 08:55:51'),
(488, 'robert', 'PLXUvWl8.pdf', 'P', '2018-07-10 08:55:57'),
(489, 'robert', 'W4mLxNEe.pdf', 'W', '2018-07-10 08:56:03'),
(490, 'robert', 'GvYoxnJ1.pdf', 'G', '2018-07-10 08:56:08'),
(491, 'robert', 'Agd6XUGY.pdf', 'A', '2018-07-10 08:56:12'),
(492, 'robert', 'UStnpCQV.pdf', 'U', '2018-07-10 08:56:16'),
(493, 'robert', 'XKx9GqQZ.pdf', 'X', '2018-07-10 08:56:20'),
(494, 'robert', 'XS02zfy3.pdf', 'X', '2018-07-10 08:56:24'),
(495, 'robert', 'SV5xOOzH.pdf', 'S', '2018-07-10 08:56:29'),
(496, 'robert', 'Ztxruyvs.pdf', 'Z', '2018-07-10 08:56:33'),
(497, 'robert', 'IEa07SZr.pdf', 'I', '2018-07-10 08:56:37'),
(498, 'robert', 'HK0iy0L1.pdf', 'H', '2018-07-10 08:56:41'),
(499, 'robert', 'Y2iXNzI8.pdf', 'Y', '2018-07-10 08:56:46'),
(500, 'robert', 'B7qDxqq2.pdf', 'B', '2018-07-10 08:56:51'),
(501, 'robert', 'E9AIBPS2.pdf', 'E', '2018-07-10 08:56:55'),
(502, 'robert', 'Qtmidlh3.pdf', 'Q', '2018-07-10 08:57:02'),
(503, 'robert', 'T447834e.pdf', 'T', '2018-07-10 08:57:07'),
(504, 'robert', 'WhgVdxri.pdf', 'W', '2018-07-10 08:57:12'),
(505, 'robert', 'SxGRC985.pdf', 'S', '2018-07-10 08:57:18'),
(506, 'robert', 'BBRxRDHA.pdf', 'B', '2018-07-10 08:57:23'),
(507, 'robert', 'F42BM2fq.pdf', 'F', '2018-07-10 08:57:27'),
(508, 'robert', 'TgQht1kj.pdf', 'T', '2018-07-10 08:57:32'),
(509, 'robert', 'Gpvug6nA.pdf', 'G', '2018-07-10 08:57:37'),
(510, 'robert', 'RlEDrNzo.pdf', 'R', '2018-07-10 08:57:42'),
(511, 'robert', 'D8kG3ZTK.pdf', 'D', '2018-07-10 08:57:45'),
(512, 'robert', 'FQ9yNUwg.pdf', 'F', '2018-07-10 08:57:49'),
(513, 'robert', 'VQj8042e.pdf', 'V', '2018-07-10 08:57:54'),
(514, 'robert', 'ShS9fWl7.pdf', 'S', '2018-07-10 08:58:00'),
(515, 'robert', 'ITpE9yBa.pdf', 'I', '2018-07-10 08:58:03'),
(516, 'robert', 'UaUFLaRn.pdf', 'U', '2018-07-10 08:58:15'),
(517, 'robert', 'UaUFLaRn.pdf', 'U', '2018-07-10 08:58:18'),
(518, 'robert', 'GZrM3t34.pdf', 'G', '2018-07-10 08:58:26'),
(519, 'robert', 'MQoEHW90.pdf', 'M', '2018-07-10 08:58:31'),
(520, 'robert', 'NTljRYJe.pdf', 'N', '2018-07-10 08:58:36'),
(521, 'robert', 'Yf5XAyLK.pdf', 'Y', '2018-07-10 08:58:41'),
(522, 'robert', 'Kx2BWhKm.pdf', 'K', '2018-07-10 08:58:46'),
(523, 'robert', 'TE2zpnHl.pdf', 'T', '2018-07-10 08:58:52'),
(524, 'robert', 'Msr5mzKY.pdf', 'M', '2018-07-10 08:58:57'),
(525, 'robert', 'XjXOwawI.pdf', 'X', '2018-07-10 08:59:03'),
(526, 'robert', 'PYjvoLIe.pdf', 'P', '2018-07-10 08:59:08'),
(527, 'robert', 'ZNt4Fu18.pdf', 'Z', '2018-07-10 08:59:15'),
(528, 'robert', 'T2hg6x9s.pdf', 'T', '2018-07-10 08:59:21'),
(529, 'robert', 'QQYrTkUn.pdf', 'Q', '2018-07-10 08:59:27'),
(530, 'robert', 'CKpSyYTs.pdf', 'C', '2018-07-10 08:59:32'),
(531, 'robert', 'Qwg3QoKb.pdf', 'Q', '2018-07-10 08:59:38'),
(532, 'robert', 'Vwtrf4NM.pdf', 'V', '2018-07-10 08:59:44'),
(533, 'robert', 'YNfsv9z5.pdf', 'Y', '2018-07-10 08:59:48'),
(534, 'robert', 'DOQ7WPxm.pdf', 'D', '2018-07-10 08:59:52'),
(535, 'robert', 'NU0oN1v9.pdf', 'N', '2018-07-10 08:59:58'),
(536, 'robert', 'XuJAXf0l.pdf', 'X', '2018-07-10 09:00:03'),
(537, 'robert', 'C9TxZJQc.pdf', 'C', '2018-07-10 09:00:07'),
(538, 'wood', 'VSgI4mrF.pdf', 'L', '2018-07-10 09:12:49'),
(539, 'wood', 'TP6iVMPt.pdf', 'K', '2018-07-10 09:14:07'),
(540, 'robert', 'DVa8oaG3.pdf', 'D', '2018-07-10 09:22:48'),
(541, 'robert', 'PRsrAxDF.pdf', 'P', '2018-07-10 09:22:54'),
(542, 'robert', 'IwWMA7RK.pdf', 'I', '2018-07-10 09:22:57'),
(543, 'robert', 'WRkfeG6L.pdf', 'W', '2018-07-10 09:23:01'),
(544, 'robert', 'YbNabOcN.pdf', 'Y', '2018-07-10 09:23:05'),
(545, 'robert', 'MFzsfFHu.pdf', 'M', '2018-07-10 09:23:10'),
(546, 'robert', 'LpzW58IC.pdf', 'L', '2018-07-10 09:23:15'),
(547, 'robert', 'R2n0eMxR.pdf', 'R', '2018-07-10 09:23:21'),
(548, 'robert', 'RTRxOEOC.pdf', 'R', '2018-07-10 09:23:25'),
(549, 'robert', 'GREp8xU2.pdf', 'G', '2018-07-10 09:23:28'),
(550, 'robert', 'Dr2ArhfE.pdf', 'D', '2018-07-10 09:23:32'),
(551, 'robert', 'STdLdD42.pdf', 'S', '2018-07-10 09:23:36'),
(552, 'robert', 'PT5L0Cku.pdf', 'P', '2018-07-10 09:23:40'),
(553, 'robert', 'CcKT5JMZ.pdf', 'C', '2018-07-10 09:23:44'),
(554, 'robert', 'T5U6Ke6x.pdf', 'T', '2018-07-10 09:23:49'),
(555, 'robert', 'UMXhgHLC.pdf', 'U', '2018-07-10 09:23:56'),
(556, 'robert', 'StQry6iW.pdf', 'S', '2018-07-10 09:24:01'),
(557, 'robert', 'ZOCHn3rh.pdf', 'Z', '2018-07-10 09:24:04'),
(558, 'robert', 'Hj6AgYSN.pdf', 'H', '2018-07-10 09:24:10'),
(559, 'robert', 'ZDNJN8vF.pdf', 'Z', '2018-07-10 09:24:14'),
(560, 'robert', 'LT7496J3.pdf', 'L', '2018-07-10 09:24:18'),
(561, 'robert', 'NhNbzcH6.pdf', 'N', '2018-07-10 09:24:23'),
(562, 'robert', 'MWsH6rNF.pdf', 'M', '2018-07-10 09:24:28'),
(563, 'robert', 'Xxd6sohH.pdf', 'X', '2018-07-10 09:24:32'),
(564, 'robert', 'YpXjI8iE.pdf', 'Y', '2018-07-10 09:24:36'),
(565, 'robert', 'ZwsMgeUV.pdf', 'Z', '2018-07-10 09:24:40'),
(566, 'robert', 'YjRyQYg7.pdf', 'Y', '2018-07-10 09:24:44'),
(567, 'robert', 'MVqPxu9r.pdf', 'M', '2018-07-10 09:24:52'),
(568, 'robert', 'Iz5vO1i1.pdf', 'I', '2018-07-10 09:24:57'),
(569, 'robert', 'BQt4xowG.pdf', 'B', '2018-07-10 09:25:01'),
(570, 'robert', 'A8joOiBd.pdf', 'A', '2018-07-10 09:25:04'),
(571, 'robert', 'Mdfs8O8E.pdf', 'M', '2018-07-10 09:25:09'),
(572, 'robert', 'KuhdU6HR.pdf', 'K', '2018-07-10 09:25:12'),
(573, 'robert', 'XMz4dERJ.pdf', 'X', '2018-07-10 09:25:16'),
(574, 'robert', 'VVbstw3P.pdf', 'V', '2018-07-10 09:25:20'),
(575, 'robert', 'Q3QxGAda.pdf', 'Q', '2018-07-10 09:25:26'),
(576, 'robert', 'GLNlb9xV.pdf', 'G', '2018-07-10 09:25:30'),
(577, 'robert', 'R2wig1eg.pdf', 'R', '2018-07-10 09:25:35'),
(578, 'robert', 'Ef53mCJ3.pdf', 'E', '2018-07-10 09:25:39'),
(579, 'robert', 'ACFMmGsY.pdf', 'A', '2018-07-10 09:25:45'),
(580, 'robert', 'MOvW0i3M.pdf', 'M', '2018-07-10 09:25:49'),
(581, 'robert', 'LzXEobmI.pdf', 'L', '2018-07-10 09:25:54'),
(582, 'robert', 'VzNDQbyo.pdf', 'V', '2018-07-10 09:25:59'),
(583, 'robert', 'H8MpXkQV.pdf', 'H', '2018-07-10 09:26:03'),
(584, 'robert', 'EOietHpZ.pdf', 'E', '2018-07-10 09:26:07'),
(585, 'robert', 'P6aCm4Jp.pdf', 'P', '2018-07-10 09:26:12'),
(586, 'robert', 'VOxphV67.pdf', 'V', '2018-07-10 09:26:18'),
(587, 'robert', 'WNVW3lPC.pdf', 'W', '2018-07-10 09:26:23'),
(588, 'robert', 'TDaOJpA7.pdf', 'T', '2018-07-10 09:45:03'),
(589, 'robert', 'CgeiXC66.pdf', 'C', '2018-07-10 09:45:07'),
(590, 'robert', 'QJIsX91t.pdf', 'Q', '2018-07-10 09:45:11'),
(591, 'robert', 'UC9oqaSG.pdf', 'U', '2018-07-10 09:45:16'),
(592, 'robert', 'ErY4Z8Nr.pdf', 'E', '2018-07-10 09:45:20'),
(593, 'robert', 'QXV97yhY.pdf', 'Q', '2018-07-10 09:45:24'),
(594, 'robert', 'Zoijw9Ol.pdf', 'Z', '2018-07-10 09:45:29'),
(595, 'robert', 'QaeBTgNw.pdf', 'Q', '2018-07-10 09:45:33'),
(596, 'robert', 'WbpnORa3.pdf', 'W', '2018-07-10 09:45:37'),
(597, 'robert', 'Fid9vPvj.pdf', 'F', '2018-07-10 09:45:41'),
(598, 'robert', 'W38dCUFE.pdf', 'W', '2018-07-10 09:45:45'),
(599, 'robert', 'XWZGUcub.pdf', 'X', '2018-07-10 09:45:51'),
(600, 'robert', 'K23vmxC7.pdf', 'K', '2018-07-10 09:45:55'),
(601, 'robert', 'SxFHfofP.pdf', 'S', '2018-07-10 09:45:59'),
(602, 'robert', 'WFL3eV15.pdf', 'W', '2018-07-10 09:46:03'),
(603, 'robert', 'ZyxBHCzL.pdf', 'Z', '2018-07-10 09:46:07'),
(604, 'robert', 'SrzP8F7v.pdf', 'S', '2018-07-10 09:46:12'),
(605, 'robert', 'QmDvdhJF.pdf', 'Q', '2018-07-10 09:46:18'),
(606, 'robert', 'VQhiNc9c.pdf', 'V', '2018-07-10 09:46:25'),
(607, 'robert', 'EFUTjiRg.pdf', 'E', '2018-07-10 09:46:29'),
(608, 'robert', 'MfeEUQoh.pdf', 'M', '2018-07-10 09:46:34'),
(609, 'robert', 'WEPbJIFR.pdf', 'W', '2018-07-10 09:46:38'),
(610, 'robert', 'Fv9y6uUC.pdf', 'F', '2018-07-10 09:46:42'),
(611, 'robert', 'TTNSJbQT.pdf', 'T', '2018-07-10 09:46:46'),
(612, 'robert', 'NhcmXb30.pdf', 'N', '2018-07-10 09:46:53'),
(613, 'robert', 'HBCBU9JH.pdf', 'H', '2018-07-10 09:47:00'),
(614, 'robert', 'Rkt5DznU.pdf', 'R', '2018-07-10 09:47:06'),
(615, 'robert', 'XfVFaOKm.pdf', 'X', '2018-07-10 09:47:11'),
(616, 'robert', 'JqQyOVEf.pdf', 'J', '2018-07-10 09:47:15'),
(617, 'robert', 'Im0JcsNG.pdf', 'I', '2018-07-10 09:47:19'),
(618, 'robert', 'S5pltozC.pdf', 'S', '2018-07-10 09:47:24'),
(619, 'robert', 'F5FOGkdp.pdf', 'F', '2018-07-10 09:47:31'),
(620, 'robert', 'LI6QJrOr.pdf', 'L', '2018-07-10 09:47:35'),
(621, 'robert', 'PhtYf4tY.pdf', 'P', '2018-07-10 09:47:42'),
(622, 'robert', 'JC6ZffU2.pdf', 'J', '2018-07-10 09:47:45'),
(623, 'robert', 'GuctbJXk.pdf', 'G', '2018-07-10 09:47:50'),
(624, 'robert', 'CtBSffcx.pdf', 'C', '2018-07-10 09:47:54'),
(625, 'robert', 'F2WF1zvQ.pdf', 'F', '2018-07-10 09:47:59'),
(626, 'robert', 'YLc547fE.pdf', 'Y', '2018-07-10 09:48:04'),
(627, 'robert', 'BBe0y759.pdf', 'B', '2018-07-10 09:48:10'),
(628, 'robert', 'BBe0y759.pdf', 'B', '2018-07-10 09:48:12'),
(629, 'robert', 'HvVMB5Vs.pdf', 'H', '2018-07-10 09:48:22'),
(630, 'robert', 'P2d3Qwdu.pdf', 'P', '2018-07-10 09:48:29'),
(631, 'robert', 'HubMyw3n.pdf', 'H', '2018-07-10 09:48:33'),
(632, 'robert', 'GyET42ln.pdf', 'G', '2018-07-10 09:48:38'),
(633, 'robert', 'YIfzFl7x.pdf', 'Y', '2018-07-10 09:48:43'),
(634, 'robert', 'Vz97TJgb.pdf', 'V', '2018-07-10 10:01:14'),
(635, 'robert', 'G0Y4yHWm.pdf', 'G', '2018-07-10 10:01:19'),
(636, 'robert', 'AG9iiB8x.pdf', 'A', '2018-07-10 10:01:22'),
(637, 'robert', 'T9v9RYYy.pdf', 'T', '2018-07-10 10:01:27'),
(638, 'robert', 'Z6hDUJAK.pdf', 'Z', '2018-07-10 10:01:31'),
(639, 'robert', 'HJTrcaYg.pdf', 'H', '2018-07-10 10:01:36'),
(640, 'robert', 'E6oR7Tcq.pdf', 'E', '2018-07-10 10:01:39'),
(641, 'robert', 'QK8MATWY.pdf', 'Q', '2018-07-10 10:01:45'),
(642, 'robert', 'KLMmmcb7.pdf', 'K', '2018-07-10 10:01:50'),
(643, 'robert', 'IGidhsld.pdf', 'I', '2018-07-10 10:01:54'),
(644, 'robert', 'UNmK9q1w.pdf', 'U', '2018-07-10 10:01:59'),
(645, 'robert', 'MshKv8Ux.pdf', 'M', '2018-07-10 10:02:04'),
(646, 'robert', 'ZstkiiWZ.pdf', 'Z', '2018-07-10 10:02:10'),
(647, 'robert', 'ZqezjiY2.pdf', 'Z', '2018-07-10 10:02:14'),
(648, 'robert', 'HYDrPZ6C.pdf', 'H', '2018-07-10 10:02:17'),
(649, 'robert', 'W3UkzAIx.pdf', 'W', '2018-07-10 10:02:22'),
(650, 'robert', 'FYqgSve9.pdf', 'F', '2018-07-10 10:02:25'),
(651, 'robert', 'KjIVbM70.pdf', 'K', '2018-07-10 10:02:31'),
(652, 'robert', 'KEctUW4u.pdf', 'K', '2018-07-10 10:02:35'),
(653, 'robert', 'FbyMR6yb.pdf', 'F', '2018-07-10 10:02:39'),
(654, 'robert', 'DMkrYLDY.pdf', 'D', '2018-07-10 10:02:43'),
(655, 'robert', 'PYerwTTk.pdf', 'P', '2018-07-11 08:29:35'),
(656, 'robert', 'FmjYJdwJ.pdf', 'F', '2018-07-11 08:29:39'),
(657, 'robert', 'JZMBcJ6p.pdf', 'J', '2018-07-11 08:29:43'),
(658, 'robert', 'WLH4UaIV.pdf', 'W', '2018-07-11 08:29:50'),
(659, 'robert', 'FbjxLkKz.pdf', 'F', '2018-07-11 08:29:53'),
(660, 'robert', 'ZI96X373.pdf', 'Z', '2018-07-11 08:29:56'),
(661, 'robert', 'HP6TZVaE.pdf', 'H', '2018-07-11 08:30:00'),
(662, 'robert', 'Nl1xmgc6.pdf', 'N', '2018-07-11 08:30:04'),
(663, 'robert', 'P0EHayp8.pdf', 'P', '2018-07-11 08:30:08'),
(664, 'robert', 'BWXmaMye.pdf', 'B', '2018-07-11 08:30:12'),
(665, 'robert', 'SR7GSHAL.pdf', 'S', '2018-07-11 08:30:18'),
(666, 'robert', 'ZOFxszr4.pdf', 'Z', '2018-07-11 08:30:22'),
(667, 'robert', 'BpXbTK0l.pdf', 'B', '2018-07-11 08:30:26'),
(668, 'robert', 'Ce06rv07.pdf', 'C', '2018-07-11 08:30:29'),
(669, 'robert', 'QumMmhaz.pdf', 'Q', '2018-07-11 08:30:34'),
(670, 'robert', 'BWaEKh7e.pdf', 'B', '2018-07-11 08:30:38'),
(671, 'robert', 'DAX6XNKa.pdf', 'D', '2018-07-11 08:30:41'),
(672, 'robert', 'DNpbneZj.pdf', 'D', '2018-07-11 08:30:44'),
(673, 'robert', 'EEKzspk3.pdf', 'E', '2018-07-11 08:30:47'),
(674, 'robert', 'VQbVssqs.pdf', 'V', '2018-07-11 08:30:52'),
(675, 'robert', 'Q2yW5eBs.pdf', 'Q', '2018-07-11 08:30:55'),
(676, 'robert', 'YG0sFxC1.pdf', 'Y', '2018-07-11 08:31:01'),
(677, 'robert', 'HHnIfYgr.pdf', 'H', '2018-07-11 08:31:05'),
(678, 'robert', 'M1ysjf4U.pdf', 'M', '2018-07-11 08:31:09'),
(679, 'robert', 'MUGRQJsM.pdf', 'M', '2018-07-11 08:31:14'),
(680, 'robert', 'NDuMC0Vo.pdf', 'N', '2018-07-11 08:31:20'),
(681, 'robert', 'RMbKnMNf.pdf', 'R', '2018-07-11 08:31:27'),
(682, 'robert', 'IzIEdJxt.pdf', 'I', '2018-07-11 08:31:31'),
(683, 'robert', 'QFyZY2Ir.pdf', 'Q', '2018-07-11 08:31:34'),
(684, 'robert', 'WfJlUpnv.pdf', 'W', '2018-07-11 08:31:38'),
(685, 'robert', 'BKZY7MKB.pdf', 'B', '2018-07-11 08:31:41'),
(686, 'robert', 'I4U2I6VP.pdf', 'I', '2018-07-11 08:31:45'),
(687, 'robert', 'MTGxmjJB.pdf', 'M', '2018-07-11 08:31:48'),
(688, 'robert', 'GsG9gjjn.pdf', 'G', '2018-07-11 08:31:52'),
(689, 'robert', 'AerAwXDG.pdf', 'A', '2018-07-11 08:31:56'),
(690, 'robert', 'H8eGyDPu.pdf', 'H', '2018-07-11 08:32:00'),
(691, 'robert', 'ECF3sBhg.pdf', 'E', '2018-07-11 08:32:05'),
(692, 'robert', 'VqWRDbxV.pdf', 'V', '2018-07-11 08:32:10'),
(693, 'robert', 'ECfZA9aV.pdf', 'E', '2018-07-11 08:32:14'),
(694, 'robert', 'CUpBAvn0.pdf', 'C', '2018-07-11 08:32:17'),
(695, 'robert', 'Tp14HmkI.pdf', 'T', '2018-07-11 08:32:21'),
(696, 'robert', 'IClB6utd.pdf', 'I', '2018-07-11 08:32:26'),
(697, 'robert', 'L5hznPbh.pdf', 'L', '2018-07-11 08:32:29'),
(698, 'robert', 'L1uvU35o.pdf', 'L', '2018-07-11 08:32:33'),
(699, 'robert', 'M4rhDoLO.pdf', 'M', '2018-07-11 08:32:39'),
(700, 'robert', 'LQCqUWJP.pdf', 'L', '2018-07-11 08:32:43'),
(701, 'robert', 'JSk14nHK.pdf', 'J', '2018-07-11 08:32:47'),
(702, 'robert', 'IgTnnWT2.pdf', 'I', '2018-07-11 08:32:50'),
(703, 'robert', 'MUaSqLKB.pdf', 'M', '2018-07-11 09:07:05'),
(704, 'robert', 'VTR0jyoo.pdf', 'V', '2018-07-11 09:07:13'),
(705, 'robert', 'Z0xrjYYV.pdf', 'Z', '2018-07-11 09:07:16'),
(706, 'robert', 'LGEQ2PYk.pdf', 'L', '2018-07-11 09:07:21'),
(707, 'robert', 'MYyj0DF7.pdf', 'M', '2018-07-11 09:07:26'),
(708, 'robert', 'T6Osjg7b.pdf', 'T', '2018-07-11 09:07:30'),
(709, 'robert', 'IJPjxlc7.pdf', 'I', '2018-07-11 09:07:34'),
(710, 'robert', 'UfqA6ytl.pdf', 'U', '2018-07-11 09:07:40'),
(711, 'robert', 'Dqc183qU.pdf', 'D', '2018-07-11 09:07:43'),
(712, 'robert', 'Sb8S1DoY.pdf', 'S', '2018-07-11 09:07:48'),
(713, 'robert', 'KspyMih1.pdf', 'K', '2018-07-11 09:07:51'),
(714, 'robert', 'XwJIb9Pp.pdf', 'X', '2018-07-11 09:07:59'),
(715, 'robert', 'PKveyjyb.pdf', 'P', '2018-07-11 09:08:06'),
(716, 'robert', 'FRmcRGwZ.pdf', 'F', '2018-07-11 09:08:11'),
(717, 'robert', 'FRmcRGwZ.pdf', 'F', '2018-07-11 09:08:11'),
(718, 'robert', 'YxZtEtzq.pdf', 'Y', '2018-07-11 09:08:21'),
(719, 'robert', 'De65Vdy6.pdf', 'D', '2018-07-11 09:08:25'),
(720, 'robert', 'VhH8igSF.pdf', 'V', '2018-07-11 09:08:30'),
(721, 'robert', 'NRlIvT4E.pdf', 'N', '2018-07-11 09:08:34'),
(722, 'robert', 'CNWGayl1.pdf', 'C', '2018-07-11 09:08:38'),
(723, 'robert', 'J88khmN3.pdf', 'J', '2018-07-11 09:08:41'),
(724, 'robert', 'PuAPL9di.pdf', 'P', '2018-07-11 09:08:45'),
(725, 'robert', 'SIoV3zUZ.pdf', 'S', '2018-07-11 09:08:49'),
(726, 'robert', 'Z9sSYXfW.pdf', 'Z', '2018-07-11 09:08:54'),
(727, 'robert', 'Fj6EEU9d.pdf', 'F', '2018-07-11 09:08:58'),
(728, 'robert', 'MzsSH4FH.pdf', 'M', '2018-07-11 09:09:02'),
(729, 'robert', 'GnzVV3J9.pdf', 'G', '2018-07-11 09:09:06'),
(730, 'robert', 'Js972tfA.pdf', 'J', '2018-07-11 09:09:09'),
(731, 'robert', 'EAr4blul.pdf', 'E', '2018-07-11 09:09:13'),
(732, 'robert', 'QOCzcsiX.pdf', 'Q', '2018-07-11 09:09:18'),
(733, 'robert', 'I88kCRoR.pdf', 'I', '2018-07-11 09:09:21'),
(734, 'robert', 'JcIPuDYp.pdf', 'J', '2018-07-11 09:09:25'),
(735, 'robert', 'Byz0E2bS.pdf', 'B', '2018-07-11 09:09:28'),
(736, 'robert', 'B91qFb0M.pdf', 'B', '2018-07-11 09:09:32'),
(737, 'robert', 'ZPyXdGIn.pdf', 'Z', '2018-07-11 09:09:36'),
(738, 'robert', 'K1YD3pZW.pdf', 'K', '2018-07-11 09:09:40'),
(739, 'robert', 'Dz1vtJwo.pdf', 'D', '2018-07-11 09:09:43'),
(740, 'robert', 'EZsTfabB.pdf', 'E', '2018-07-11 09:09:48'),
(741, 'robert', 'HYWcILD2.pdf', 'H', '2018-07-11 09:09:51'),
(742, 'robert', 'TQiONxZb.pdf', 'T', '2018-07-11 09:09:55'),
(743, 'robert', 'P9JYm5Yc.pdf', 'P', '2018-07-11 09:10:00'),
(744, 'robert', 'GczaeJAu.pdf', 'G', '2018-07-11 09:29:54'),
(745, 'robert', 'Uminl7l9.pdf', 'U', '2018-07-11 09:29:58'),
(746, 'robert', 'YCVQufZR.pdf', 'Y', '2018-07-11 09:30:03'),
(747, 'robert', 'FG7rau9F.pdf', 'F', '2018-07-11 09:30:06'),
(748, 'robert', 'WAZ6H4Kf.pdf', 'W', '2018-07-11 09:30:11'),
(749, 'robert', 'WAZ6H4Kf.pdf', 'W', '2018-07-11 09:30:11'),
(750, 'robert', 'EzSKTak0.pdf', 'E', '2018-07-11 09:30:14'),
(751, 'robert', 'EZH7yTD5.pdf', 'E', '2018-07-11 09:30:18'),
(752, 'robert', 'PYkIU92l.pdf', 'P', '2018-07-11 09:30:23'),
(753, 'robert', 'XNwhFZdo.pdf', 'X', '2018-07-11 09:30:29'),
(754, 'robert', 'LDMB91UY.pdf', 'L', '2018-07-11 09:30:33'),
(755, 'robert', 'GzRk0BOu.pdf', 'G', '2018-07-11 09:30:36'),
(756, 'robert', 'VuhbZfAv.pdf', 'V', '2018-07-11 09:30:40'),
(757, 'robert', 'X9dz4WCK.pdf', 'X', '2018-07-11 09:30:44'),
(758, 'robert', 'G8F1Uqjh.pdf', 'G', '2018-07-11 09:30:48'),
(759, 'robert', 'D3bJnurp.pdf', 'D', '2018-07-11 09:30:52'),
(760, 'robert', 'Cki4wkPb.pdf', 'C', '2018-07-11 09:30:55'),
(761, 'robert', 'SmrB7XUp.pdf', 'S', '2018-07-11 09:31:01'),
(762, 'robert', 'TxkbqCNW.pdf', 'T', '2018-07-11 09:31:05'),
(763, 'robert', 'Mp3nPRvK.pdf', 'M', '2018-07-11 09:31:13'),
(764, 'robert', 'LebfaeP9.pdf', 'L', '2018-07-11 09:31:16'),
(765, 'robert', 'DOZNrfNO.pdf', 'D', '2018-07-11 09:31:20'),
(766, 'robert', 'Ic3bsVzi.pdf', 'I', '2018-07-11 09:31:24'),
(767, 'robert', 'R9cNZP9t.pdf', 'R', '2018-07-11 09:31:28'),
(768, 'robert', 'FpajBLo6.pdf', 'F', '2018-07-11 09:31:32'),
(769, 'robert', 'HrDT9Ec1.pdf', 'H', '2018-07-11 09:31:37'),
(770, 'robert', 'HrDT9Ec1.pdf', 'H', '2018-07-11 09:31:37'),
(771, 'robert', 'FGJsknfN.pdf', 'F', '2018-07-11 09:31:41'),
(772, 'robert', 'Ll8xeuC4.pdf', 'L', '2018-07-11 09:31:45'),
(773, 'robert', 'FPQMBBPX.pdf', 'F', '2018-07-11 09:31:49'),
(774, 'robert', 'LgCwWhkT.pdf', 'L', '2018-07-11 09:31:52'),
(775, 'robert', 'PTiCi1Bt.pdf', 'P', '2018-07-11 09:31:57'),
(776, 'robert', 'V5AJ1OjX.pdf', 'V', '2018-07-11 09:32:03'),
(777, 'robert', 'CbmuBzQt.pdf', 'C', '2018-07-11 09:32:06'),
(778, 'robert', 'LFM8CIz7.pdf', 'L', '2018-07-11 09:32:12'),
(779, 'robert', 'EqPWvjUQ.pdf', 'E', '2018-07-11 09:32:15'),
(780, 'robert', 'E7M3OcQ7.pdf', 'E', '2018-07-11 09:32:20'),
(781, 'robert', 'GTJEYPI3.pdf', 'G', '2018-07-11 09:32:23'),
(782, 'robert', 'RxBK2d9K.pdf', 'R', '2018-07-11 09:32:28'),
(783, 'robert', 'F1RyXYbw.pdf', 'F', '2018-07-11 09:32:32'),
(784, 'robert', 'BRMvXsVr.pdf', 'B', '2018-07-11 09:32:36'),
(785, 'robert', 'PYFF99vl.pdf', 'P', '2018-07-11 09:32:40'),
(786, 'robert', 'XYDKZQx5.pdf', 'X', '2018-07-11 09:32:44'),
(787, 'robert', 'UDzTKA6u.pdf', 'U', '2018-07-11 09:32:48'),
(788, 'robert', 'QwYJeWW2.pdf', 'Q', '2018-07-11 09:32:54'),
(789, 'robert', 'QvqNnay2.pdf', 'Q', '2018-07-11 09:53:23'),
(790, 'robert', 'RH9cmtic.pdf', 'R', '2018-07-11 09:53:28'),
(791, 'robert', 'GNDk963b.pdf', 'G', '2018-07-11 09:53:31'),
(792, 'robert', 'W3iDaUp8.pdf', 'W', '2018-07-11 09:53:35'),
(793, 'robert', 'BnyQPcID.pdf', 'B', '2018-07-11 09:53:38'),
(794, 'robert', 'VJabTj4O.pdf', 'V', '2018-07-11 09:53:43'),
(795, 'robert', 'P5RAPdE9.pdf', 'P', '2018-07-11 09:53:49'),
(796, 'robert', 'ZiVXAbvt.pdf', 'Z', '2018-07-11 09:53:54'),
(797, 'robert', 'LxxCd1Jd.pdf', 'L', '2018-07-11 09:53:59'),
(798, 'robert', 'SqTqlIT7.pdf', 'S', '2018-07-11 09:54:03'),
(799, 'robert', 'DmbTWuYY.pdf', 'D', '2018-07-11 09:54:07'),
(800, 'robert', 'G02jNRte.pdf', 'G', '2018-07-11 09:54:12'),
(801, 'robert', 'VwPulx4G.pdf', 'V', '2018-07-11 09:54:20'),
(802, 'robert', 'XIpuur0b.pdf', 'X', '2018-07-11 09:54:23'),
(803, 'robert', 'Dd5tvTTW.pdf', 'D', '2018-07-11 09:54:27'),
(804, 'robert', 'YoMcRocL.pdf', 'Y', '2018-07-11 09:54:31'),
(805, 'robert', 'TKkOjXsX.pdf', 'T', '2018-07-11 09:54:36'),
(806, 'robert', 'YI1j1Ome.pdf', 'Y', '2018-07-11 09:54:39'),
(807, 'robert', 'TwdHJLeV.pdf', 'T', '2018-07-11 09:54:44'),
(808, 'robert', 'Lk25VwSD.pdf', 'L', '2018-07-11 09:54:48'),
(809, 'robert', 'GA9N1tNw.pdf', 'G', '2018-07-11 09:54:52'),
(810, 'robert', 'MYuxqRzE.pdf', 'M', '2018-07-11 09:54:59'),
(811, 'robert', 'UbmeO402.pdf', 'U', '2018-07-11 09:55:07'),
(812, 'robert', 'HGPnfDO9.pdf', 'H', '2018-07-11 09:55:11'),
(813, 'robert', 'ZvuHPsUL.pdf', 'Z', '2018-07-11 09:55:15'),
(814, 'robert', 'WwGm4uy8.pdf', 'W', '2018-07-11 09:55:19'),
(815, 'robert', 'PDIMh4hE.pdf', 'P', '2018-07-11 09:55:26'),
(816, 'robert', 'KexV58iw.pdf', 'K', '2018-07-11 09:55:30'),
(817, 'robert', 'ZB1rWh6w.pdf', 'Z', '2018-07-11 09:55:34'),
(818, 'robert', 'HB2emQF4.pdf', 'H', '2018-07-11 09:55:37'),
(819, 'robert', 'PtFVJ5Dd.pdf', 'P', '2018-07-11 09:55:42'),
(820, 'robert', 'HhliGOUc.pdf', 'H', '2018-07-11 09:55:46'),
(821, 'robert', 'LjJJag8X.pdf', 'L', '2018-07-11 09:55:49'),
(822, 'robert', 'ZCBmeFBo.pdf', 'Z', '2018-07-11 09:55:53'),
(823, 'robert', 'MeA6otfa.pdf', 'M', '2018-07-11 09:55:57'),
(824, 'robert', 'RrbE0PQW.pdf', 'R', '2018-07-11 09:56:03'),
(825, 'robert', 'XwSajfgB.pdf', 'X', '2018-07-11 09:56:07'),
(826, 'robert', 'C0aMozXh.pdf', 'C', '2018-07-11 09:56:10'),
(827, 'robert', 'WNHuqiIp.pdf', 'W', '2018-07-11 09:56:14'),
(828, 'robert', 'WQC9ogbs.pdf', 'W', '2018-07-11 09:56:18'),
(829, 'robert', 'SkBcGi6X.pdf', 'S', '2018-07-11 09:56:24'),
(830, 'robert', 'AJXnRpHt.pdf', 'A', '2018-07-11 09:56:28'),
(831, 'robert', 'HP82gkrW.pdf', 'H', '2018-07-11 09:56:32'),
(832, 'robert', 'Dgl3uEbp.pdf', 'D', '2018-07-11 10:11:09'),
(833, 'robert', 'AwGBtVJ8.pdf', 'A', '2018-07-11 10:11:13'),
(834, 'robert', 'QryLwIhr.pdf', 'Q', '2018-07-11 10:11:18'),
(835, 'robert', 'JRYcSC6J.pdf', 'J', '2018-07-11 10:11:22'),
(836, 'robert', 'TYHcQaGd.pdf', 'T', '2018-07-11 10:11:28'),
(837, 'robert', 'HTbMAzNP.pdf', 'H', '2018-07-11 10:11:31'),
(838, 'robert', 'U8dvAIr1.pdf', 'U', '2018-07-11 10:11:35'),
(839, 'robert', 'PVuFb9z1.pdf', 'P', '2018-07-11 10:11:40'),
(840, 'robert', 'HorwINE6.pdf', 'H', '2018-07-11 10:11:43'),
(841, 'robert', 'Y0BJkHWH.pdf', 'Y', '2018-07-11 10:11:47'),
(842, 'robert', 'KZYRwG2x.pdf', 'K', '2018-07-11 10:11:50'),
(843, 'robert', 'LRmhxhi1.pdf', 'L', '2018-07-11 10:11:55'),
(844, 'robert', 'Re0tUncM.pdf', 'R', '2018-07-11 10:12:01'),
(845, 'robert', 'VD3VzXK4.pdf', 'V', '2018-07-11 10:12:05'),
(846, 'robert', 'IsZbjTps.pdf', 'I', '2018-07-11 10:12:10'),
(847, 'robert', 'IsZbjTps.pdf', 'I', '2018-07-11 10:12:10'),
(848, 'robert', 'NRph01Rq.pdf', 'N', '2018-07-11 10:12:21'),
(849, 'robert', 'KzN1ADOR.pdf', 'K', '2018-07-11 10:12:24'),
(850, 'robert', 'Z6UXlEQ1.pdf', 'Z', '2018-07-11 10:12:29'),
(851, 'robert', 'Hpc4cmV5.pdf', 'H', '2018-07-11 10:12:32'),
(852, 'robert', 'VmHotzAm.pdf', 'V', '2018-07-11 10:12:40'),
(853, 'robert', 'VczqrEv5.pdf', 'V', '2018-07-11 10:12:44'),
(854, 'robert', 'VoEPHLnB.pdf', 'V', '2018-07-11 10:12:48');

--
-- Indexes for dumped tables
--

--
-- Indexes for table `crosscheck`
--
ALTER TABLE `crosscheck`
  ADD PRIMARY KEY (`recordnum`,`username`);

--
-- Indexes for table `currenttask`
--
ALTER TABLE `currenttask`
  ADD PRIMARY KEY (`username`);

--
-- Indexes for table `financialinfo`
--
ALTER TABLE `financialinfo`
  ADD PRIMARY KEY (`recordnum`,`username`);

--
-- Indexes for table `goals`
--
ALTER TABLE `goals`
  ADD PRIMARY KEY (`id`);

--
-- Indexes for table `labelappointmentinfo`
--
ALTER TABLE `labelappointmentinfo`
  ADD PRIMARY KEY (`id`);

--
-- Indexes for table `labelappointmentinput`
--
ALTER TABLE `labelappointmentinput`
  ADD PRIMARY KEY (`id`);

--
-- Indexes for table `logininfo`
--
ALTER TABLE `logininfo`
  ADD PRIMARY KEY (`username`);

--
-- Indexes for table `memoinfo`
--
ALTER TABLE `memoinfo`
  ADD PRIMARY KEY (`id`);

--
-- Indexes for table `memoinput`
--
ALTER TABLE `memoinput`
  ADD PRIMARY KEY (`id`);

--
-- Indexes for table `percentageinput`
--
ALTER TABLE `percentageinput`
  ADD PRIMARY KEY (`recordnum`,`username`);

--
-- Indexes for table `restrictions`
--
ALTER TABLE `restrictions`
  ADD PRIMARY KEY (`username`,`limiter`,`limited`);

--
-- Indexes for table `sortedfiles`
--
ALTER TABLE `sortedfiles`
  ADD PRIMARY KEY (`recordnum`);

--
-- AUTO_INCREMENT for dumped tables
--

--
-- AUTO_INCREMENT for table `goals`
--
ALTER TABLE `goals`
  MODIFY `id` int(11) NOT NULL AUTO_INCREMENT, AUTO_INCREMENT=247;

--
-- AUTO_INCREMENT for table `labelappointmentinfo`
--
ALTER TABLE `labelappointmentinfo`
  MODIFY `id` int(5) NOT NULL AUTO_INCREMENT, AUTO_INCREMENT=223;

--
-- AUTO_INCREMENT for table `labelappointmentinput`
--
ALTER TABLE `labelappointmentinput`
  MODIFY `id` int(5) NOT NULL AUTO_INCREMENT, AUTO_INCREMENT=279;

--
-- AUTO_INCREMENT for table `memoinfo`
--
ALTER TABLE `memoinfo`
  MODIFY `id` int(3) NOT NULL AUTO_INCREMENT, AUTO_INCREMENT=9;

--
-- AUTO_INCREMENT for table `memoinput`
--
ALTER TABLE `memoinput`
  MODIFY `id` int(11) NOT NULL AUTO_INCREMENT, AUTO_INCREMENT=56;

--
-- AUTO_INCREMENT for table `sortedfiles`
--
ALTER TABLE `sortedfiles`
  MODIFY `recordnum` int(5) NOT NULL AUTO_INCREMENT, AUTO_INCREMENT=855;
COMMIT;

/*!40101 SET CHARACTER_SET_CLIENT=@OLD_CHARACTER_SET_CLIENT */;
/*!40101 SET CHARACTER_SET_RESULTS=@OLD_CHARACTER_SET_RESULTS */;
/*!40101 SET COLLATION_CONNECTION=@OLD_COLLATION_CONNECTION */;
